ScenActID,ParmID,ParmValue,ParmType,ScenarioID
0,1,2.00000000e+01,0,83
0,2,6.99999988e-01,0,83
0,3,5.50000000e+01,0,83
0,4,1.00000000e+00,0,83
0,5,1.00000000e+00,0,83
0,6,2.08175003e+02,0,83
0,7,1.24770150e-01,0,83
0,8,6.23850769e+02,0,83
0,9,2.50000000e+02,0,83
0,10,2.49540305e+00,0,83
0,11,1.45722504e+02,0,83
0,12,3.63636383e+02,0,83
0,13,5.19480530e+02,0,83
1,1,2.00000000e+01,0,83
1,2,6.99999988e-01,0,83
1,3,5.50000000e+01,0,83
1,4,1.00000000e+00,0,83
1,5,1.00000000e+00,0,83
1,6,2.08175003e+02,0,83
1,7,1.24770150e-01,0,83
1,8,6.23850769e+02,0,83
1,9,2.50000000e+02,0,83
1,10,2.49540305e+00,0,83
1,11,1.45722504e+02,0,83
1,12,3.63636383e+02,0,83
1,13,5.19480530e+02,0,83
2,2,6.99999988e-01,0,83
2,9,2.50000000e+02,0,83
3,2,6.99999988e-01,0,83
3,9,2.50000000e+02,0,83
0,1,2.00000000e+01,0,84
0,2,6.99999988e-01,0,84
0,3,5.50000000e+01,0,84
0,4,1.00000000e+00,0,84
0,5,1.00000000e+00,0,84
0,6,2.08175003e+02,0,84
0,7,1.24770150e-01,0,84
0,8,6.23850769e+02,0,84
0,9,2.50000000e+02,0,84
0,10,2.49540305e+00,0,84
0,11,1.45722504e+02,0,84
0,12,3.63636383e+02,0,84
0,13,5.19480530e+02,0,84
1,1,2.00000000e+01,0,84
1,2,6.99999988e-01,0,84
1,3,5.50000000e+01,0,84
1,4,1.00000000e+00,0,84
1,5,1.00000000e+00,0,84
1,6,2.08175003e+02,0,84
1,7,1.24770150e-01,0,84
1,8,6.23850769e+02,0,84
1,9,2.50000000e+02,0,84
1,10,2.49540305e+00,0,84
1,11,1.45722504e+02,0,84
1,12,3.63636383e+02,0,84
1,13,5.19480530e+02,0,84
2,2,6.99999988e-01,0,84
2,9,2.50000000e+02,0,84
3,2,6.99999988e-01,0,84
3,9,2.50000000e+02,0,84
4,2,6.99999988e-01,0,84
4,9,2.50000000e+02,0,84
0,1,2.00000000e+01,0,85
0,2,2.00000003e-01,0,85
0,3,5.50000000e+01,0,85
0,4,1.00000000e+00,0,85
0,5,1.00000000e+00,0,85
0,6,2.08175003e+02,0,85
0,7,1.60121694e-02,0,85
0,8,8.00608444e+01,0,85
0,9,2.50000000e+02,0,85
0,10,3.20243388e-01,0,85
0,11,4.16350021e+01,0,85
0,12,1.33333340e+01,0,85
0,13,6.66666718e+01,0,85
1,1,2.00000000e+01,0,85
1,2,2.00000003e-01,0,85
1,3,5.50000000e+01,0,85
1,4,1.00000000e+00,0,85
1,5,1.00000000e+00,0,85
1,6,2.08175003e+02,0,85
1,7,1.60121694e-02,0,85
1,8,8.00608444e+01,0,85
1,9,2.50000000e+02,0,85
1,10,3.20243388e-01,0,85
1,11,4.16350021e+01,0,85
1,12,1.33333340e+01,0,85
1,13,6.66666718e+01,0,85
2,2,2.00000003e-01,0,85
2,9,2.50000000e+02,0,85
3,2,2.00000003e-01,0,85
3,9,2.50000000e+02,0,85
4,2,2.00000003e-01,0,85
4,9,2.50000000e+02,0,85
5,2,2.00000003e-01,0,85
5,9,2.50000000e+02,0,85
0,1,2.00000000e+01,0,86
0,2,5.50000012e-01,0,86
0,3,5.50000000e+01,0,86
0,4,1.00000000e+00,0,86
0,5,1.00000000e+00,0,86
0,6,2.08175003e+02,0,86
0,7,1.30478584e-04,0,86
0,8,9.13350046e-01,0,86
0,9,3.50000000e+02,0,86
0,10,2.60957167e-03,0,86
0,11,1.14496254e+02,0,86
0,12,2.98786193e-01,0,86
0,13,5.43247581e-01,0,86
1,1,2.00000000e+01,0,86
1,2,5.50000012e-01,0,86
1,3,5.50000000e+01,0,86
1,4,1.00000000e+00,0,86
1,5,1.00000000e+00,0,86
1,6,2.08175003e+02,0,86
1,7,1.30478584e-04,0,86
1,8,9.13350046e-01,0,86
1,9,3.50000000e+02,0,86
1,10,2.60957167e-03,0,86
1,11,1.14496254e+02,0,86
1,12,2.98786193e-01,0,86
1,13,5.43247581e-01,0,86
2,2,5.50000012e-01,0,86
2,9,3.50000000e+02,0,86
3,2,5.50000012e-01,0,86
3,9,3.50000000e+02,0,86
4,2,5.50000012e-01,0,86
4,9,3.50000000e+02,0,86
5,2,5.50000012e-01,0,86
5,9,3.50000000e+02,0,86
0,1,2.00000000e+01,0,87
0,2,1.00000000e+00,0,87
0,3,5.50000000e+01,0,87
0,4,1.00000000e+00,0,87
0,5,1.00000000e+00,0,87
0,6,2.08175003e+02,0,87
0,7,6.15852652e-03,0,87
0,8,3.20243378e+01,0,87
0,9,2.60000000e+02,0,87
0,10,1.23170532e-01,0,87
0,11,2.08175003e+02,0,87
0,12,2.56410255e+01,0,87
0,13,2.56410255e+01,0,87
1,2,1.00000000e+00,0,87
1,9,2.60000000e+02,0,87
0,2,1.00000000e+00,0,88
0,9,2.60000000e+02,0,88
1,2,1.00000000e+00,0,88
1,3,5.50000000e+01,0,88
1,4,1.00000000e+00,0,88
1,5,1.00000000e+00,0,88
1,6,2.08179993e+02,0,88
1,8,1.20088387e+02,1,88
1,9,2.60000000e+02,1,88
1,10,4.61878419e-01,1,88
1,11,2.08179993e+02,0,88
1,12,9.61538467e+01,0,88
1,13,9.61538467e+01,0,88
2,2,1.00000000e+00,0,88
2,3,5.50000000e+01,0,88
2,4,1.00000000e+00,0,88
2,5,1.00000000e+00,0,88
2,6,2.08179993e+02,0,88
2,8,1.20088387e+02,1,88
2,9,2.60000000e+02,1,88
2,10,4.61878419e-01,1,88
2,11,2.08179993e+02,0,88
2,12,9.61538467e+01,0,88
2,13,9.61538467e+01,0,88
0,1,2.00000000e+01,0,89
0,2,1.00000000e+00,0,89
0,3,5.50000000e+01,0,89
0,4,1.00000000e+00,0,89
0,5,1.00000000e+00,0,89
0,6,2.08175003e+02,0,89
0,7,6.15852652e-03,0,89
0,8,3.20243378e+01,0,89
0,9,2.60000000e+02,0,89
0,10,1.23170532e-01,0,89
0,11,2.08175003e+02,0,89
0,12,2.56410255e+01,0,89
0,13,2.56410255e+01,0,89
1,2,1.00000000e+00,0,89
1,9,2.60000000e+02,0,89
0,2,1.00000000e+00,0,91
0,9,3.60000000e+02,0,91
0,1,2.00000000e+00,0,92
0,2,2.30000004e-01,0,92
0,3,5.00000000e+03,0,92
0,4,1.00000000e+00,0,92
0,5,1.00000000e+00,0,92
0,6,1.89250000e+04,0,92
0,7,1.09643340e+00,0,92
0,8,5.48216675e+02,0,92
0,9,2.50000000e+02,0,92
0,10,2.19286680e+00,0,92
0,11,4.35275000e+03,0,92
0,12,9.54500098e+03,0,92
0,13,4.15000039e+04,0,92
1,1,2.00000000e+00,0,92
1,2,2.30000004e-01,0,92
1,3,5.00000000e+03,0,92
1,4,1.00000000e+00,0,92
1,5,1.00000000e+00,0,92
1,6,1.89250000e+04,0,92
1,7,1.09643340e+00,0,92
1,8,5.48216675e+02,0,92
1,9,2.50000000e+02,0,92
1,10,2.19286680e+00,0,92
1,11,4.35275000e+03,0,92
1,12,9.54500098e+03,0,92
1,13,4.15000039e+04,0,92
2,2,2.30000004e-01,0,92
2,9,2.50000000e+02,0,92
3,2,2.30000004e-01,0,92
3,9,2.50000000e+02,0,92
4,2,2.30000004e-01,0,92
4,9,2.50000000e+02,0,92
5,2,2.30000004e-01,0,92
5,9,2.50000000e+02,0,92
0,2,2.30000004e-01,0,93
0,9,2.50000000e+02,0,93
1,2,2.30000004e-01,0,93
1,9,2.50000000e+02,0,93
2,2,2.30000004e-01,0,93
2,9,2.50000000e+02,0,93
3,2,2.30000004e-01,0,93
3,9,2.50000000e+02,0,93
4,2,2.30000004e-01,0,93
4,3,5.50000000e+01,0,93
4,4,1.00000000e+00,0,93
4,5,1.00000000e+00,0,93
4,6,2.08179993e+02,0,93
4,8,4.98366797e+04,1,93
4,9,2.50000000e+02,1,93
4,10,1.99350006e+02,1,93
4,11,4.78814011e+01,0,93
4,12,9.54515723e+03,0,93
4,13,4.15006836e+04,0,93
5,2,2.30000004e-01,0,93
5,3,5.50000000e+01,0,93
5,4,1.00000000e+00,0,93
5,5,1.00000000e+00,0,93
5,6,2.08179993e+02,0,93
5,8,4.98366797e+04,1,93
5,9,2.50000000e+02,1,93
5,10,1.99350006e+02,1,93
5,11,4.78814011e+01,0,93
5,12,9.54515723e+03,0,93
5,13,4.15006836e+04,0,93
0,1,2.00000000e+00,0,94
0,2,1.00000001e-01,0,94
0,3,5.00000000e+03,0,94
0,4,1.00000000e+00,0,94
0,5,1.00000000e+00,0,94
0,6,1.89250000e+04,0,94
0,7,4.75561440e-01,0,94
0,8,2.37780716e+02,0,94
0,9,2.50000000e+02,0,94
0,10,9.51122880e-01,0,94
0,11,1.89250000e+03,0,94
0,12,1.80000012e+03,0,94
0,13,1.80000000e+04,0,94
1,1,2.00000000e+00,0,94
1,2,1.00000001e-01,0,94
1,3,5.00000000e+03,0,94
1,4,1.00000000e+00,0,94
1,5,1.00000000e+00,0,94
1,6,1.89250000e+04,0,94
1,7,4.75561440e-01,0,94
1,8,2.37780716e+02,0,94
1,9,2.50000000e+02,0,94
1,10,9.51122880e-01,0,94
1,11,1.89250000e+03,0,94
1,12,1.80000012e+03,0,94
1,13,1.80000000e+04,0,94
2,2,1.00000001e-01,0,94
2,9,2.50000000e+02,0,94
3,2,1.00000001e-01,0,94
3,9,2.50000000e+02,0,94
4,2,1.00000001e-01,0,94
4,9,2.50000000e+02,0,94
5,2,1.00000001e-01,0,94
5,9,2.50000000e+02,0,94
0,2,1.00000001e-01,0,95
0,9,2.50000000e+02,0,95
1,2,1.00000001e-01,0,95
1,9,2.50000000e+02,0,95
2,2,1.00000001e-01,0,95
2,9,2.50000000e+02,0,95
3,2,1.00000001e-01,0,95
3,9,2.50000000e+02,0,95
4,2,1.00000001e-01,0,95
4,3,5.50000000e+01,0,95
4,4,1.00000000e+00,0,95
4,5,1.00000000e+00,0,95
0,1,6.00000000e+01,0,114
0,2,2.50000000e-01,0,114
0,3,1.00000000e+00,0,114
0,4,1.00000000e+00,0,114
0,5,1.00000000e+00,0,114
0,6,3.78500009e+00,0,114
0,9,2.50000000e+02,0,114
0,11,9.46250021e-01,0,114
1,1,6.00000000e+01,0,114
1,2,2.50000000e-01,0,114
1,3,1.00000000e+00,0,114
1,4,1.00000000e+00,0,114
1,5,1.00000000e+00,0,114
1,6,3.78500009e+00,0,114
1,9,2.50000000e+02,0,114
1,11,9.46250021e-01,0,114
2,2,2.50000000e-01,0,114
2,9,2.50000000e+02,0,114
3,2,2.50000000e-01,0,114
3,9,2.50000000e+02,0,114
4,6,2.08179993e+02,0,95
4,8,2.16159102e+04,1,95
4,9,2.50000000e+02,1,95
4,10,8.64636002e+01,1,95
4,11,2.08179989e+01,0,95
4,12,1.79999915e+03,0,95
4,13,1.79999922e+04,0,95
5,2,1.00000001e-01,0,95
5,3,5.50000000e+01,0,95
5,4,1.00000000e+00,0,95
5,5,1.00000000e+00,0,95
5,6,2.08179993e+02,0,95
5,8,2.16159102e+04,1,95
5,9,2.50000000e+02,1,95
5,10,8.64636002e+01,1,95
5,11,2.08179989e+01,0,95
5,12,1.79999915e+03,0,95
5,13,1.79999922e+04,0,95
0,1,2.00000000e+01,0,96
0,2,1.00000000e+00,0,96
0,3,5.50000000e+01,0,96
0,4,1.00000000e+00,0,96
0,5,1.00000000e+00,0,96
0,6,2.08175003e+02,0,96
0,7,9.60730195e-01,0,96
0,8,7.01333057e+03,0,96
0,9,3.65000000e+02,0,96
0,10,1.92146034e+01,0,96
0,11,2.08175003e+02,0,96
0,12,4.00000024e+03,0,96
0,13,4.00000024e+03,0,96
1,1,2.00000000e+01,0,96
1,2,1.00000000e+00,0,96
1,3,5.50000000e+01,0,96
1,4,1.00000000e+00,0,96
1,5,1.00000000e+00,0,96
1,6,2.08175003e+02,0,96
1,7,9.60730195e-01,0,96
1,8,7.01333057e+03,0,96
1,9,3.65000000e+02,0,96
1,10,1.92146034e+01,0,96
1,11,2.08175003e+02,0,96
1,12,4.00000024e+03,0,96
1,13,4.00000024e+03,0,96
2,2,1.00000000e+00,0,96
2,9,3.65000000e+02,0,96
3,1,2.00000000e+01,0,96
3,2,8.50000024e-01,0,96
3,3,5.50000000e+01,0,96
3,4,1.00000000e+00,0,96
3,5,1.00000000e+00,0,96
3,6,2.08175003e+02,0,96
3,7,1.13027072e+00,0,96
3,8,8.25097656e+03,0,96
3,9,3.65000000e+02,0,96
3,10,2.26054153e+01,0,96
3,11,1.76948761e+02,0,96
3,12,4.00000024e+03,0,96
3,13,4.70588232e+03,0,96
0,2,1.00000000e+00,0,97
0,9,3.65000000e+02,0,97
1,1,2.00000000e+01,0,97
1,2,8.50000024e-01,0,97
1,3,5.50000000e+01,0,97
1,4,1.00000000e+00,0,97
1,5,1.00000000e+00,0,97
1,6,2.08175003e+02,0,97
1,7,1.13027072e+00,0,97
1,8,8.25097656e+03,0,97
1,9,3.65000000e+02,0,97
1,10,2.26054153e+01,0,97
1,11,1.76948761e+02,0,97
1,12,4.00000024e+03,0,97
1,13,4.70588232e+03,0,97
2,2,1.00000000e+00,0,97
2,3,5.99739981e+00,0,97
2,4,1.00000000e+00,0,97
2,5,1.00000000e+00,0,97
2,6,2.27000008e+01,0,97
2,8,6.43171914e+04,1,97
2,9,3.65000000e+02,1,97
2,10,1.76210007e+02,1,97
2,11,2.27000008e+01,0,97
2,12,3.99996729e+03,0,97
2,13,3.99996729e+03,0,97
3,2,1.00000000e+00,0,97
3,3,5.99739981e+00,0,97
3,4,1.00000000e+00,0,97
3,5,1.00000000e+00,0,97
3,6,2.27000008e+01,0,97
3,8,6.43171914e+04,1,97
3,9,3.65000000e+02,1,97
3,10,1.76210007e+02,1,97
3,11,2.27000008e+01,0,97
3,12,3.99996729e+03,0,97
3,13,3.99996729e+03,0,97
0,1,2.00000000e+01,0,98
0,2,1.00000000e+00,0,98
0,3,5.50000000e+01,0,98
0,4,1.00000000e+00,0,98
0,5,1.00000000e+00,0,98
0,6,2.08175003e+02,0,98
0,7,9.60730195e-01,0,98
0,8,7.01333057e+03,0,98
0,9,3.65000000e+02,0,98
0,10,1.92146034e+01,0,98
0,11,2.08175003e+02,0,98
0,12,4.00000024e+03,0,98
0,13,4.00000024e+03,0,98
1,1,2.00000000e+01,0,98
1,2,1.00000000e+00,0,98
1,3,5.50000000e+01,0,98
1,4,1.00000000e+00,0,98
1,5,1.00000000e+00,0,98
1,6,2.08175003e+02,0,98
1,7,9.60730195e-01,0,98
1,8,7.01333057e+03,0,98
1,9,3.65000000e+02,0,98
1,10,1.92146034e+01,0,98
1,11,2.08175003e+02,0,98
1,12,4.00000024e+03,0,98
1,13,4.00000024e+03,0,98
2,2,1.00000000e+00,0,98
2,9,3.65000000e+02,0,98
3,2,1.00000000e+00,0,98
3,9,3.65000000e+02,0,98
4,2,1.00000000e+00,0,98
4,9,3.65000000e+02,0,98
5,1,2.00000000e+01,0,98
5,2,8.50000024e-01,0,98
5,3,5.50000000e+01,0,98
5,4,1.00000000e+00,0,98
5,5,1.00000000e+00,0,98
5,6,2.08175003e+02,0,98
5,7,1.13027072e+00,0,98
5,8,8.25097656e+03,0,98
5,9,3.65000000e+02,0,98
5,10,2.26054153e+01,0,98
5,11,1.76948761e+02,0,98
5,12,4.00000024e+03,0,98
5,13,4.70588232e+03,0,98
0,1,2.00000000e+01,0,99
0,2,1.00000000e+00,0,99
0,3,5.50000000e+01,0,99
0,4,1.00000000e+00,0,99
0,5,1.00000000e+00,0,99
0,6,2.08175003e+02,0,99
0,7,1.20091274e-01,0,99
0,8,6.00456360e+02,0,99
0,9,2.50000000e+02,0,99
0,10,2.40182543e+00,0,99
0,11,2.08175003e+02,0,99
0,12,5.00000031e+02,0,99
0,13,5.00000031e+02,0,99
1,1,2.00000000e+01,0,99
1,2,1.00000000e+00,0,99
1,3,5.50000000e+01,0,99
1,4,1.00000000e+00,0,99
1,5,1.00000000e+00,0,99
1,6,2.08175003e+02,0,99
1,7,1.20091274e-01,0,99
1,8,6.00456360e+02,0,99
1,9,2.50000000e+02,0,99
1,8,6.56236420e+01,0,108
1,9,2.60000000e+02,0,108
1,10,2.52398610e-01,0,108
1,11,1.26986755e+02,0,108
1,12,3.20512810e+01,0,108
1,13,5.25430832e+01,0,108
2,2,6.10000014e-01,0,108
2,9,2.60000000e+02,0,108
3,2,6.10000014e-01,0,108
3,9,2.60000000e+02,0,108
4,2,6.10000014e-01,0,108
4,9,2.60000000e+02,0,108
0,1,2.00000000e+01,0,109
0,2,6.10000014e-01,0,109
0,3,5.50000000e+01,0,109
0,4,1.00000000e+00,0,109
0,5,1.00000000e+00,0,109
0,6,2.08175003e+02,0,109
0,7,1.26199303e-02,0,109
0,8,6.56236420e+01,0,109
0,9,2.60000000e+02,0,109
0,10,2.52398610e-01,0,109
0,11,1.26986755e+02,0,109
0,12,3.20512810e+01,0,109
0,13,5.25430832e+01,0,109
1,1,2.00000000e+01,0,109
1,2,6.10000014e-01,0,109
1,3,5.50000000e+01,0,109
1,4,1.00000000e+00,0,109
1,5,1.00000000e+00,0,109
1,6,2.08175003e+02,0,109
1,7,1.26199303e-02,0,109
1,8,6.56236420e+01,0,109
1,9,2.60000000e+02,0,109
1,10,2.52398610e-01,0,109
1,11,1.26986755e+02,0,109
1,12,3.20512810e+01,0,109
1,13,5.25430832e+01,0,109
2,2,6.10000014e-01,0,109
2,9,2.60000000e+02,0,109
3,2,6.10000014e-01,0,109
3,9,2.60000000e+02,0,109
4,2,6.10000014e-01,0,109
4,9,2.60000000e+02,0,109
0,1,2.00000000e+01,0,110
0,2,3.49999994e-01,0,110
0,3,5.50000000e+01,0,110
0,4,1.00000000e+00,0,110
0,5,1.00000000e+00,0,110
0,6,2.08175003e+02,0,110
0,7,2.74216500e-03,0,110
0,8,1.35462952e+01,0,110
0,9,2.47000000e+02,0,110
0,10,5.48432991e-02,0,110
0,11,7.28612518e+01,0,110
0,12,3.99595141e+00,0,110
0,13,1.14170036e+01,0,110
1,1,2.00000000e+01,0,110
1,2,3.49999994e-01,0,110
1,3,5.50000000e+01,0,110
1,4,1.00000000e+00,0,110
1,5,1.00000000e+00,0,110
1,6,2.08175003e+02,0,110
1,7,2.74216500e-03,0,110
1,8,1.35462952e+01,0,110
1,9,2.47000000e+02,0,110
1,10,5.48432991e-02,0,110
1,11,7.28612518e+01,0,110
1,12,3.99595141e+00,0,110
1,13,1.14170036e+01,0,110
2,2,3.49999994e-01,0,110
2,9,2.47000000e+02,0,110
3,2,3.49999994e-01,0,110
3,9,2.47000000e+02,0,110
4,2,3.49999994e-01,0,110
4,9,2.47000000e+02,0,110
5,2,3.49999994e-01,0,110
5,9,2.47000000e+02,0,110
0,1,6.00000000e+01,0,111
0,2,4.00000006e-01,0,111
0,3,1.00000000e+00,0,111
0,4,1.00000000e+00,0,111
0,5,1.00000000e+00,0,111
0,6,3.78500009e+00,0,111
0,7,1.52893975e-01,0,111
0,8,3.30250977e+03,0,111
0,9,3.60000000e+02,0,111
0,10,9.17363834e+00,0,111
0,11,1.51400006e+00,0,111
0,12,1.38888893e+01,0,111
0,13,3.47222214e+01,0,111
1,2,4.00000006e-01,0,111
1,9,3.60000000e+02,0,111
2,2,4.00000006e-01,0,111
2,9,3.60000000e+02,0,111
3,2,4.00000006e-01,0,111
3,9,3.60000000e+02,0,111
4,2,4.00000006e-01,0,111
4,9,3.60000000e+02,0,111
5,2,4.00000006e-01,0,111
5,9,3.60000000e+02,0,111
6,2,4.00000006e-01,0,111
6,9,3.60000000e+02,0,111
7,2,4.00000006e-01,0,111
7,9,3.60000000e+02,0,111
0,9,1.48000000e+02,0,112
1,9,1.48000000e+02,0,112
2,1,2.00000000e+01,0,112
2,2,2.50000000e-01,0,112
2,3,5.50000000e+01,0,112
2,4,1.00000000e+00,0,112
2,5,1.00000000e+00,0,112
2,6,2.08175003e+02,0,112
2,7,6.55698925e-02,0,112
2,8,1.94086884e+02,0,112
2,9,1.48000000e+02,0,112
2,10,1.31139791e+00,0,112
2,11,5.20437508e+01,0,112
2,12,6.82500687e+01,0,112
2,13,2.73000275e+02,0,112
3,1,2.00000000e+01,0,112
3,2,2.50000000e-01,0,112
3,3,5.50000000e+01,0,112
3,4,1.00000000e+00,0,112
3,5,1.00000000e+00,0,112
3,6,2.08175003e+02,0,112
3,7,6.55698925e-02,0,112
3,8,1.94086884e+02,0,112
3,9,1.48000000e+02,0,112
3,10,1.31139791e+00,0,112
3,11,5.20437508e+01,0,112
3,12,6.82500687e+01,0,112
3,13,2.73000275e+02,0,112
0,2,7.50000000e-01,0,113
0,3,3.50000000e+01,0,113
0,4,1.00000000e+00,0,113
0,5,1.00000000e+00,0,113
0,6,1.32479996e+02,0,113
0,8,1.52491104e+02,1,113
0,9,1.48000000e+02,1,113
0,10,1.03034532e+00,1,113
0,11,9.93600006e+01,0,113
0,12,1.02375107e+02,0,113
0,13,1.36500137e+02,0,113
1,2,7.50000000e-01,0,113
1,3,3.50000000e+01,0,113
1,4,1.00000000e+00,0,113
1,5,1.00000000e+00,0,113
1,6,1.32479996e+02,0,113
1,8,1.52491104e+02,1,113
1,9,1.48000000e+02,1,113
1,10,1.03034532e+00,1,113
1,11,9.93600006e+01,0,113
1,12,1.02375107e+02,0,113
1,13,1.36500137e+02,0,113
2,9,1.48000000e+02,0,113
1,10,2.40182543e+00,0,99
1,11,2.08175003e+02,0,99
1,12,5.00000031e+02,0,99
1,13,5.00000031e+02,0,99
2,2,1.00000000e+00,0,99
2,9,2.50000000e+02,0,99
3,1,2.00000000e+01,0,99
3,2,6.99999988e-01,0,99
3,3,5.50000000e+01,0,99
3,4,1.00000000e+00,0,99
3,5,1.00000000e+00,0,99
3,6,2.08175003e+02,0,99
3,7,1.71558946e-01,0,99
3,8,8.57794739e+02,0,99
3,9,2.50000000e+02,0,99
3,10,3.43117905e+00,0,99
3,11,1.45722504e+02,0,99
3,12,5.00000000e+02,0,99
3,13,7.14285706e+02,0,99
0,2,1.00000000e+00,0,100
0,9,2.50000000e+02,0,100
1,1,2.00000000e+01,0,100
1,2,6.99999988e-01,0,100
1,3,5.50000000e+01,0,100
1,4,1.00000000e+00,0,100
1,5,1.00000000e+00,0,100
1,6,2.08175003e+02,0,100
1,7,1.71558946e-01,0,100
1,8,8.57794739e+02,0,100
1,9,2.50000000e+02,0,100
1,10,3.43117905e+00,0,100
1,11,1.45722504e+02,0,100
1,12,5.00000000e+02,0,100
1,13,7.14285706e+02,0,100
2,2,1.00000000e+00,0,100
2,3,6.07660007e+00,0,100
2,4,1.00000000e+00,0,100
2,5,1.00000000e+00,0,100
2,6,2.30000000e+01,0,100
2,8,5.43478271e+03,1,100
2,9,2.50000000e+02,1,100
2,10,2.17391300e+01,1,100
2,11,2.30000000e+01,0,100
2,12,5.00000000e+02,0,100
2,13,5.00000000e+02,0,100
3,2,1.00000000e+00,0,100
3,3,6.07660007e+00,0,100
3,4,1.00000000e+00,0,100
3,5,1.00000000e+00,0,100
3,6,2.30000000e+01,0,100
3,8,5.43478271e+03,1,100
3,9,2.50000000e+02,1,100
3,10,2.17391300e+01,1,100
3,11,2.30000000e+01,0,100
3,12,5.00000000e+02,0,100
3,13,5.00000000e+02,0,100
0,1,2.00000000e+01,0,101
0,2,1.00000000e+00,0,101
0,3,5.50000000e+01,0,101
0,4,1.00000000e+00,0,101
0,5,1.00000000e+00,0,101
0,6,2.08175003e+02,0,101
0,7,1.20091274e-01,0,101
0,8,6.00456360e+02,0,101
0,9,2.50000000e+02,0,101
0,10,2.40182543e+00,0,101
0,11,2.08175003e+02,0,101
0,12,5.00000031e+02,0,101
0,13,5.00000031e+02,0,101
1,1,2.00000000e+01,0,101
1,2,1.00000000e+00,0,101
1,3,5.50000000e+01,0,101
1,4,1.00000000e+00,0,101
1,5,1.00000000e+00,0,101
1,6,2.08175003e+02,0,101
1,7,1.20091274e-01,0,101
1,8,6.00456360e+02,0,101
1,9,2.50000000e+02,0,101
1,10,2.40182543e+00,0,101
1,11,2.08175003e+02,0,101
1,12,5.00000031e+02,0,101
1,13,5.00000031e+02,0,101
2,2,1.00000000e+00,0,101
2,9,2.50000000e+02,0,101
3,2,1.00000000e+00,0,101
3,9,2.50000000e+02,0,101
4,2,1.00000000e+00,0,101
4,9,2.50000000e+02,0,101
5,2,1.00000000e+00,0,101
5,9,2.50000000e+02,0,101
6,1,2.00000000e+01,0,101
6,2,6.99999988e-01,0,101
6,3,5.50000000e+01,0,101
6,4,1.00000000e+00,0,101
6,5,1.00000000e+00,0,101
6,6,2.08175003e+02,0,101
6,7,1.71558946e-01,0,101
6,8,8.57794739e+02,0,101
6,9,2.50000000e+02,0,101
6,10,3.43117905e+00,0,101
6,11,1.45722504e+02,0,101
6,12,5.00000000e+02,0,101
6,13,7.14285706e+02,0,101
0,1,2.00000000e+01,0,102
0,2,1.00000000e+00,0,102
0,3,5.50000000e+01,0,102
0,4,1.00000000e+00,0,102
0,5,1.00000000e+00,0,102
0,6,2.08179993e+02,0,102
0,7,1.34176970e+00,0,102
0,8,4.80353564e+03,1,102
0,9,1.79000000e+02,0,102
0,10,2.68353939e+01,0,102
0,11,2.08179993e+02,0,102
0,12,5.58659229e+03,0,102
0,13,5.58659229e+03,0,102
1,1,2.00000000e+01,0,102
1,2,1.00000000e+00,0,102
1,3,5.50000000e+01,0,102
1,4,1.00000000e+00,0,102
1,5,1.00000000e+00,0,102
1,6,2.08175003e+02,0,102
1,7,1.34180188e+00,0,102
1,8,4.80365088e+03,0,102
1,9,1.79000000e+02,0,102
1,10,2.68360386e+01,0,102
1,11,2.08175003e+02,0,102
1,12,5.58659229e+03,0,102
1,13,5.58659229e+03,0,102
2,9,1.79000000e+02,0,102
3,9,1.79000000e+02,0,102
4,1,2.00000000e+01,0,102
4,2,3.49999994e-01,0,102
4,3,5.50000000e+01,0,102
4,4,1.00000000e+00,0,102
4,5,1.00000000e+00,0,102
4,6,2.08175003e+02,0,102
4,7,3.83371973e+00,0,102
4,8,1.37247168e+04,0,102
4,9,1.79000000e+02,0,102
4,10,7.66743927e+01,0,102
4,11,7.28612518e+01,0,102
4,12,5.58659229e+03,0,102
4,13,1.59616924e+04,0,102
5,9,1.79000000e+02,0,102
0,9,1.79000000e+02,0,103
1,9,1.79000000e+02,0,103
2,1,2.00000000e+01,0,103
2,2,4.49999988e-01,0,103
2,3,5.50000000e+01,0,103
2,4,1.00000000e+00,0,103
2,5,1.00000000e+00,0,103
2,6,2.08175003e+02,0,103
2,7,3.72722745e+00,0,103
2,8,1.33434746e+04,0,103
2,9,1.79000000e+02,0,103
2,10,7.45445480e+01,0,103
2,11,9.36787491e+01,0,103
2,12,6.98324023e+03,0,103
2,13,1.55183115e+04,0,103
3,9,1.79000000e+02,0,103
4,2,1.00000000e+00,0,103
4,3,5.50000000e+01,0,103
4,4,1.00000000e+00,0,103
4,5,1.00000000e+00,0,103
4,6,2.08179993e+02,0,103
4,8,6.00441943e+03,1,103
4,9,1.79000000e+02,0,103
4,10,3.35442429e+01,0,103
4,11,2.08179993e+02,0,103
4,12,6.98324023e+03,0,103
4,13,6.98324023e+03,0,103
5,2,1.00000000e+00,0,103
5,3,5.50000000e+01,0,103
5,4,1.00000000e+00,0,103
5,5,1.00000000e+00,0,103
5,6,2.08179993e+02,0,103
5,8,6.00441943e+03,1,103
5,9,1.79000000e+02,0,103
5,10,3.35442429e+01,0,103
5,11,2.08179993e+02,0,103
5,12,6.98324023e+03,0,103
5,13,6.98324023e+03,0,103
0,1,2.00000000e+01,0,104
0,2,1.00000000e+00,0,104
0,3,5.50000000e+01,0,104
0,4,1.00000000e+00,0,104
0,5,1.00000000e+00,0,104
0,6,2.08179993e+02,0,104
0,7,1.34176970e+00,0,104
0,8,4.80353564e+03,1,104
0,9,1.79000000e+02,0,104
0,10,2.68353939e+01,0,104
0,11,2.08179993e+02,0,104
0,12,5.58659229e+03,0,104
0,13,5.58659229e+03,0,104
1,1,2.00000000e+01,0,104
1,2,1.00000000e+00,0,104
1,3,5.50000000e+01,0,104
1,4,1.00000000e+00,0,104
1,5,1.00000000e+00,0,104
1,6,2.08175003e+02,0,104
1,7,1.34180188e+00,0,104
1,8,4.80365088e+03,0,104
1,9,1.79000000e+02,0,104
1,10,2.68360386e+01,0,104
1,11,2.08175003e+02,0,104
1,12,5.58659229e+03,0,104
1,13,5.58659229e+03,0,104
2,9,1.79000000e+02,0,104
3,9,1.79000000e+02,0,104
4,9,1.79000000e+02,0,104
5,1,2.00000000e+01,0,104
5,2,3.49999994e-01,0,104
5,3,5.50000000e+01,0,104
5,4,1.00000000e+00,0,104
5,5,1.00000000e+00,0,104
5,6,2.08175003e+02,0,104
5,7,3.83371973e+00,0,104
5,8,1.37247168e+04,0,104
5,9,1.79000000e+02,0,104
5,10,7.66743927e+01,0,104
5,11,7.28612518e+01,0,104
5,12,5.58659229e+03,0,104
5,13,1.59616924e+04,0,104
6,9,1.79000000e+02,0,104
7,9,1.79000000e+02,0,104
0,9,2.50000000e+02,0,105
1,9,2.50000000e+02,0,105
2,1,2.00000000e+01,0,105
2,2,1.00000000e+00,0,105
2,3,5.50000000e+01,0,105
2,4,1.00000000e+00,0,105
2,5,1.00000000e+00,0,105
2,6,2.08175003e+02,0,105
2,7,2.34324431e+00,0,105
2,8,1.17162217e+04,0,105
2,9,2.50000000e+02,0,105
2,10,4.68648872e+01,0,105
2,11,2.08175003e+02,0,105
2,12,9.75609766e+03,0,105
2,13,9.75609766e+03,0,105
3,1,2.00000000e+01,0,105
3,2,1.00000000e+00,0,105
3,3,5.50000000e+01,0,105
3,4,1.00000000e+00,0,105
3,5,1.00000000e+00,0,105
3,6,2.08175003e+02,0,105
3,7,2.34324431e+00,0,105
3,8,1.17162217e+04,0,105
3,9,2.50000000e+02,0,105
3,10,4.68648872e+01,0,105
3,11,2.08175003e+02,0,105
3,12,9.75609766e+03,0,105
3,13,9.75609766e+03,0,105
0,2,1.00000000e+00,0,106
0,3,5.50000000e+01,0,106
0,4,1.00000000e+00,0,106
0,5,1.00000000e+00,0,106
0,6,2.08179993e+02,0,106
0,8,1.17159404e+04,1,106
0,9,2.50000000e+02,0,106
0,10,4.68637619e+01,0,106
0,11,2.08179993e+02,0,106
0,12,9.75609766e+03,0,106
0,13,9.75609766e+03,0,106
1,2,1.00000000e+00,0,106
1,3,5.50000000e+01,0,106
1,4,1.00000000e+00,0,106
1,5,1.00000000e+00,0,106
1,6,2.08179993e+02,0,106
1,8,1.17159404e+04,1,106
1,9,2.50000000e+02,0,106
1,10,4.68637619e+01,0,106
1,11,2.08179993e+02,0,106
1,12,9.75609766e+03,0,106
1,13,9.75609766e+03,0,106
2,9,2.50000000e+02,0,106
3,9,2.50000000e+02,0,106
4,9,2.50000000e+02,0,106
0,2,5.00000007e-02,0,107
0,3,5.50000000e+01,0,107
0,4,1.00000000e+00,0,107
0,5,1.00000000e+00,0,107
0,6,2.08179993e+02,0,107
0,8,1.52493203e+04,1,107
0,9,2.50000000e+02,0,107
0,10,6.09972992e+01,0,107
0,11,1.04089994e+01,0,107
0,12,6.34920898e+02,0,107
0,13,1.26984170e+04,0,107
1,2,5.00000007e-02,0,107
1,3,5.50000000e+01,0,107
1,4,1.00000000e+00,0,107
1,5,1.00000000e+00,0,107
1,6,2.08179993e+02,0,107
1,8,1.52493203e+04,1,107
1,9,2.50000000e+02,0,107
1,10,6.09972992e+01,0,107
1,11,1.04089994e+01,0,107
1,12,6.34920898e+02,0,107
1,13,1.26984170e+04,0,107
2,9,2.50000000e+02,0,107
3,9,2.50000000e+02,0,107
4,9,2.50000000e+02,0,107
5,9,2.50000000e+02,0,107
0,1,2.00000000e+01,0,108
0,2,6.10000014e-01,0,108
0,3,5.50000000e+01,0,108
0,4,1.00000000e+00,0,108
0,5,1.00000000e+00,0,108
0,6,2.08175003e+02,0,108
0,7,1.26199303e-02,0,108
0,8,6.56236420e+01,0,108
0,9,2.60000000e+02,0,108
0,10,2.52398610e-01,0,108
0,11,1.26986755e+02,0,108
0,12,3.20512810e+01,0,108
0,13,5.25430832e+01,0,108
1,1,2.00000000e+01,0,108
1,2,6.10000014e-01,0,108
1,3,5.50000000e+01,0,108
1,4,1.00000000e+00,0,108
1,5,1.00000000e+00,0,108
1,6,2.08175003e+02,0,108
1,7,1.26199303e-02,0,108
