ScenActID,ExplModID,ExpParmsAN,ModelID,Basis,Freq,Ire,Icb,ILADDre,ILADDcb,IADDre,IADDcb,IAPDDre,IAPDDcb,DexpRe,DexpCb,DLADDre,DLADDcb,DADDre,DADDcb,DAPDRre,DAPDRcb,ChemStateID,OutputOn1,OutputOn2,Char1,Char2,ModelStatus,InhUncertainty,InhClass,InhClassNotes,InhClassExpLevel,InhClassHazRating,InhClassInhMon,ScenarioID
1,0,99,26,"EPA/OPPT 2-Hand Dermal Contact with Liquids Model. Per the ESD on the Application of Radiation Curable Coatings, Inks, and Adhesives, workers may be exposed while rinsing containers used to transport the radiation curable formulation. ",,,,,,,,,,,,,,,,,,11,0,1,Output 1,High End,2,1,,,,,,83
2,0,100,27,"EPA/OPPT 2-Hand Dermal Immersion in Liquid Model. For spray application, the EPA/OPPT 2-Hand Dermal Immersion in Liquid Model may be used to estimate dermal exposure to the chemical of interest in a liquid formulation during these application activities. ",,,,,,,,,,,,,,,,,,11,0,1,Output 1,High End,2,1,,,,,,83
2,1,101,49,"EPA/OPPT Automobile OEM Spray Coating Inhalation Model (non-volatile non-polyisocyanates). Per the ESD on the Application of Radiation Curable Coatings, Inks, and Adhesives, spray application in the radiation curable products industry is typically a controlled process conducted in a spray booth or an enclosed system. EPA recommends that if the process enclosure is unknown, assume the default system to be a manual or unenclosed application. Exposure estimates for an unknown process enclosure are conservatively estimated using the EPA/OPPT Automobile OEM Spray Coating Inhalation Exposure Model. /// Note: Inhalation exposure from spray application should be assessed for both volatile and non-volatile chemicals (see ESD for additional details). ",,,,,,,,,,,,,,,,,,2,0,1,What-If,What-If,2,1,Mist (volatile) (Class III),NOTE: The respirator class is: III. Combination Gas/Vapor and Particulate (gas and liquid/solid physical forms are both present).,1,,,83
1,0,102,26,"EPA/OPPT 2-Hand Dermal Contact with Liquids Model. Per the ESD on the Application of Radiation Curable Coatings, Inks, and Adhesives, workers may be exposed while rinsing containers used to transport the radiation curable formulation. ",,,,,,,,,,,,,,,,,,11,0,1,Output 1,High End,2,1,,,,,,84
1,1,103,22,"EPA/OPPT Mass Balance Model. Per the ESD on the Application of Radiation Curable Coatings, Inks, and Adhesives, workers may be exposed while rinsing containers used to transport the radiation curable formulation. ",,,,,,,,,,,,,,,,,,1,1,1,Typical,Worst Case,2,1,Vapor (volatile) (Class II),NOTE: The respirator class is: II. Gas/vapor (all substances in the gas form).,0,,,84
3,0,104,27,"EPA/OPPT 2-Hand Dermal Immersion in Liquid Model. For spray application, the EPA/OPPT 2-Hand Dermal Immersion in Liquid Model may be used to estimate dermal exposure to the chemical of interest in a liquid formulation during these application activities. ",,,,,,,,,,,,,,,,,,11,0,1,Output 1,High End,2,1,,,,,,84
3,1,105,49,"EPA/OPPT Automobile OEM Spray Coating Inhalation Model (non-volatile non-polyisocyanates). Per the ESD on the Application of Radiation Curable Coatings, Inks, and Adhesives, spray application in the radiation curable products industry is typically a controlled process conducted in a spray booth or an enclosed system. EPA recommends that if the process enclosure is unknown, assume the default system to be a manual or unenclosed application. Exposure estimates for an unknown process enclosure are conservatively estimated using the EPA/OPPT Automobile OEM Spray Coating Inhalation Exposure Model. /// Note: Inhalation exposure from spray application should be assessed for both volatile and non-volatile chemicals (see ESD for additional details). ",,,,,,,,,,,,,,,,,,2,0,1,What-If,What-If,2,1,Mist (volatile) (Class III),NOTE: The respirator class is: III. Combination Gas/Vapor and Particulate (gas and liquid/solid physical forms are both present).,1,,,84
0,0,106,26,"EPA/OPPT 2-Hand Dermal Contact with Liquids Model. Per the ESD on the Blending of Fragrance Oils into Commercial and Consumer Products, ""there is potential for dermal exposure during transport containers cleaning.""",,,,,,,,,,,,,,,,,,11,0,1,Output 1,High End,2,1,,,,,,85
0,1,107,22,"EPA/OPPT Mass Balance Model. Per the ESD on the Blending of Fragrance Oils into Commercial and Consumer Products, containers are assumed to be cleaned at the formulation site to perform a conservative assessment. ",,,,,,,,,,,,,,,,,,1,1,1,Typical,Worst Case,2,1,Vapor (volatile) (Class II),NOTE: The respirator class is: II. Gas/vapor (all substances in the gas form).,0,,,85
5,0,108,28,"EPA/OPPT Direct 2-Hand Dermal Contact with Solids Model. Per the ESD on the Blending of Fragrance Oils into Commercial and Consumer Products, dermal exposure is expected during the packaging of the final products. ",,,,,,,,,,,,,,,,,,12,0,1,High End,High End,2,1,,,,,,85
5,1,109,24,"OSHA PNOR PEL-Limiting Model. Per the ESD on the Blending of Fragrance Oils into Commercial and Consumer Products, ""transferring powdered commercial and consumer products from mixing vessels to transport containers is expected to generate particulates.""",,,,,,,,,,,,,,,,,,3,0,1,Upper Bound,Upper Bound,2,1,Particulate (volatile) (Class I),NOTE: The respirator class is: I. Particulate (including solid or liquid droplets).,0,,,85
0,0,110,26,EPA/OPPT 2-Hand Dermal Contact with Liquids Model.,,,,,,,,,,,,,,,,,,11,0,1,Output 1,High End,2,1,,,,,,86
0,0,111,26,"EPA/OPPT 2-Hand Dermal Contact with Liquids Model. Per the ESD on Chemicals Used in Water Based Washing Operations at Industrial and Institutional Laundries, workers may be exposed during the manual loading of laundry products or when connecting transfer lines to the transport containers. If site-specific information is not available, assume that the laundry cleaning product is manually loaded as a conservative exposure estimate. ",,,,,,,,,,,,,,,,,,11,0,1,Output 1,High End,2,1,,,,,,87
1,0,112,28,EPA/OPPT Direct 2-Hand Dermal Contact with Solids Model.,,,,,,,,,,,,,,,,,,12,0,1,High End,High End,2,1,,,,,,88
1,1,113,24,"OSHA PNOR PEL-Limiting Model. Per the ESD on Chemical Used in Water Based Washing Operations at Industrial and Institutional Laundries, workers may manually scoop or pour solid detergent chemicals into the washing machine (default scenario).",,,,,,,,,,,,,,,,,,3,0,1,Upper Bound,Upper Bound,2,1,Particulate (volatile) (Class I),NOTE: The respirator class is: I. Particulate (including solid or liquid droplets).,1,,,88
3,0,114,25,"EPA/OPPT 1-Hand Dermal Contact with Liquids Model. Per the ESD on Chemicals Used in Water Based Washing Operations at Industrial and Institutional Laundries, dermal exposure may occur during the handling of wet laundry; as conservative, assume a concentration of the chemical of interest on the wet laundry of 0.05%.",,,,,,,,,,,,,,,,,,11,0,1,Output 1,High End,2,1,,,,,,88
0,0,115,26,"EPA/OPPT 2-Hand Dermal Contact with Liquids Model. Per the ESD on Chemicals Used in Water Based Washing Operations at Industrial and Institutional Laundries, workers may be exposed during the manual loading of laundry products or when connecting transfer lines to the transport containers. If site-specific information is not available, assume that the laundry cleaning product is manually loaded as a conservative exposure estimate. ",,,,,,,,,,,,,,,,,,11,0,1,Output 1,High End,2,1,,,,,,89
0,1,116,22,"EPA/OPPT Mass Balance Model. Per the ESD on Chemicals Used in Water Based Washing Operations at Industrial and Institutional Laundries, workers may be exposed during the manual loading of laundry products or when connecting transfer lines to the transport containers. If site-specific information is not available, assume that the laundry cleaning product is manually loaded as a conservative exposure estimate. ",,,,,,,,,,,,,,,,,,1,1,1,Typical,Worst Case,2,1,Vapor (volatile) (Class II),NOTE: The respirator class is: II. Gas/vapor (all substances in the gas form).,0,,,89
1,0,173,26,"EPA/OPPT 2-Hand Dermal Contact with Liquids Model. Per ESD on Coating Application via Spray Painting in the Automotive Refinishing Industry, workers may be exposed to the chemical while rinsing or otherwise handling the empty containers used to transport the coating product. To perform a conservative estimate, EPA recommends that the containers are assumed to be rinsed by the painters at the automobile refinishing sites. ",,,,,,,,,,,,,,,,,,11,0,1,Output 1,High End,2,1,,,,,,114
1,0,119,26,"EPA/OPPT 2-Hand Dermal Contact with Liquids Model. Per the ESD, EPA suggests that exposure to the raw chemical may occur during container cleaning. ",,,,,,,,,,,,,,,,,,11,0,1,Output 1,High End,2,1,,,,,,92
4,1,120,46,"User-defined Inhalation Model. Per ESD, workers may be exposed while trimming and finishing the products; rolls of coated paper are cut down to size by sheeters, cutters, or trimmers, potentially generating airborne particulate. EPA suggests a conservative estimate, 3 mg of product/m3 may be used as the concentration of particulate in the workers breathing zone to estimate inhalation exposure. Exposure = Conc of particulate in workers breathing zone x Breathing Rate x Exposure time x weight fraction of chemical in final product = (3.0 mg/m3) x (1.25 m3/hr) x (8 hr/day) x (0.023) = 0.69 mg/day (see ESD for additional details). ",,,,,,,,,,,,,,,,,,3,0,1,Output 1,Output 2,2,1,Particulate (non-volatile) (Class I),NOTE: The respirator class is: I. Particulate (including solid or liquid droplets).,0,,,92
5,1,121,18,"EPA/OPPT UV Roll Coating Inhalation Model (non-volatiles); airborned particulate concentration (KcK is based on 8-hour TWA personal monitoring data. Per ESD, mist generation from high speed coating can result in inhalation exposure. For non-volatile chemicals, the EPA/OPPT UV Roll Coating Inhalation Model is the default model for calculating worker inhalation exposures to the mist that may be generated by roll coating. /// Note: See the ChemSTEER User Guide for additional details regarding model parameters. ",,,,,,,,,,,,,,,,,,2,1,1,Low End of Range,High End of Range,2,1,Mist (non-volatile) (Class I),NOTE: The respirator class is: I. Particulate (including solid or liquid droplets).,0,,,92
0,0,122,26,EPA/OPPT 2-Hand Dermal Contact with Liquids Model.,,,,,,,,,,,,,,,,,,11,0,1,Output 1,High End,2,1,,,,,,93
2,1,123,46,"User-defined Inhalation Model. Per ESD, workers may be exposed while trimming and finishing the products; rolls of coated paper are cut down to size by sheeters, cutters, or trimmers, potentially generating airborne particulate. EPA suggests a conservative estimate, 3 mg of product/m3 may be used as the concentration of particulate in the workers breathing zone to estimate inhalation exposure. Exposure = Conc of particulate in workers breathing zone x Breathing Rate x Exposure time x weight fraction of chemical in final product = (3.0 mg/m3) x (1.25 m3/hr) x (8 hr/day) x (0.023) = 0.69 mg/day (see ESD for additional details). ",,,,,,,,,,,,,,,,,,3,0,1,Output 1,Output 2,2,1,Particulate (non-volatile) (Class I),NOTE: The respirator class is: I. Particulate (including solid or liquid droplets).,0,,,93
3,1,124,18,"EPA/OPPT UV Roll Coating Inhalation Model (non-volatiles); airborne particulate concentration (KcK is based on 8-hour TWA personal monitoring data. Per ESD, mist generation from high speed coating can result in inhalation exposure. For non-volatile chemicals, the EPA/OPPT UV Roll Coating Inhalation Model is the default model for calculating worker inhalation exposures to the mist that may be generated by roll coating. /// Note: See the ChemSTEER User Guide for additional details regarding model parameters. ",,,,,,,,,,,,,,,,,,2,1,1,Low End of Range,High End of Range,2,1,Mist (non-volatile) (Class I),NOTE: The respirator class is: I. Particulate (including solid or liquid droplets).,0,,,93
4,0,125,28,EPA/OPPT Direct 2-Hand Dermal Contact with Solids Model.,,,,,,,,,,,,,,,,,,12,0,1,High End,High End,2,1,,,,,,93
4,1,126,24,"OSHA PNOR PEL-Limiting Model. Per the ESD, most sites handle greater than 54 kg/site-day of the raw material; therefore, the United States Occupational Safety and Health Administration (OSHA) Total PNOR PEL-Limiting Model should be used to estimate inhalation exposure to solid powders. The EPA/OPPT Small Volume Solids Handling Inhalation Model may be used for sites handling less than 54 kg/site-day of the raw material; however, this is not expected in the CCP or thermal manufacturing industry.",,,,,,,,,,,,,,,,,,3,0,1,Upper Bound,Upper Bound,2,1,Particulate (non-volatile) (Class I),NOTE: The respirator class is: I. Particulate (including solid or liquid droplets).,1,,,93
1,0,127,26,"EPA/OPPT 2-Hand Dermal Contact with Liquids Model. Per the ESD, EPA suggests that exposure to the raw chemical may occur during container cleaning. ",,,,,,,,,,,,,,,,,,11,0,1,Output 1,High End,2,1,,,,,,94
4,1,128,46,"User-defined Inhalation Model. Per ESD, workers may be exposed while trimming and finishing the products; rolls of coated paper are cut down to size by sheeters, cutters, or trimmers, potentially generating airborne particulate. EPA suggests a conservative estimate, 3 mg of product/m3 may be used as the concentration of particulate in the workers breathing zone to estimate inhalation exposure. Exposure = Conc of particulate in workers breathing zone x Breathing Rate x Exposure time x weight fraction of chemical in final product = (3.0 mg/m3) x (1.25 m3/hr) x (8 hr/day) x (0.023) = 0.69 mg/day (see ESD for additional details). ",,,,,,,,,,,,,,,,,,3,0,1,Output 1,Output 2,2,1,Particulate (non-volatile) (Class I),NOTE: The respirator class is: I. Particulate (including solid or liquid droplets).,0,,,94
5,1,129,18,"EPA/OPPT UV Roll Coating Inhalation Model (non-volatiles); airborne particulate concentration (KcK is based on 8-hour TWA personal monitoring data. Per ESD, mist generation from high speed coating can result in inhalation exposure. For non-volatile chemicals, the EPA/OPPT UV Roll Coating Inhalation Model is the default model for calculating worker inhalation exposures to the mist that may be generated by roll coating. /// Note: See the ChemSTEER User Guide for additional details regarding model parameters. ",,,,,,,,,,,,,,,,,,2,1,1,Low End of Range,High End of Range,2,1,Mist (non-volatile) (Class I),NOTE: The respirator class is: I. Particulate (including solid or liquid droplets).,0,,,94
0,0,130,26,EPA/OPPT 2-Hand Dermal Contact with Liquids Model.,,,,,,,,,,,,,,,,,,11,0,1,Output 1,High End,2,1,,,,,,95
2,1,131,46,"User-defined Inhalation Model. Per ESD, workers may be exposed while trimming and finishing the products; rolls of coated paper are cut down to size by sheeters, cutters, or trimmers, potentially generating airborne particulate. EPA suggests a conservative estimate, 3 mg of product/m3 may be used as the concentration of particulate in the workers breathing zone to estimate inhalation exposure. Exposure = Conc of particulate in workers breathing zone x Breathing Rate x Exposure time x weight fraction of chemical in final product = (3.0 mg/m3) x (1.25 m3/hr) x (8 hr/day) x (0.023) = 0.69 mg/day (see ESD for additional details). ",,,,,,,,,,,,,,,,,,3,0,1,Output 1,Output 2,2,1,Particulate (non-volatile) (Class I),NOTE: The respirator class is: I. Particulate (including solid or liquid droplets).,0,,,95
3,1,132,18,"EPA/OPPT UV Roll Coating Inhalation Model (non-volatiles); airborned particulate concentration (KcK is based on 8-hour TWA personal monitoring data. Per ESD, mist generation from high speed coating can result in inhalation exposure. For non-volatile chemicals, the EPA/OPPT UV Roll Coating Inhalation Model is the default model for calculating worker inhalation exposures to the mist that may be generated by roll coating. /// Note: See the ChemSTEER User Guide for additional details regarding model parameters. ",,,,,,,,,,,,,,,,,,2,1,1,Low End of Range,High End of Range,2,1,Mist (non-volatile) (Class I),NOTE: The respirator class is: I. Particulate (including solid or liquid droplets).,0,,,95
4,0,133,28,EPA/OPPT Direct 2-Hand Dermal Contact with Solids Model.,,,,,,,,,,,,,,,,,,12,0,1,High End,High End,2,1,,,,,,95
3,1,174,50,EPA/ OPPT Automobile Refinish Spray Coating Inhalation Model (non-volatile non-polyisocyanates).,,,,,,,,,,,,,,,,,,2,0,1,Typical,High End,2,1,Mist (non-volatile) (Class I),NOTE: The respirator class is: I. Particulate (including solid or liquid droplets).,1,,,114
4,1,134,24,"OSHA PNOR PEL-Limiting Model. Per the ESD, most sites handle greater than 54 kg/site-day of the raw material; therefore, the United States Occupational Safety and Health Administration (OSHA) Total PNOR PEL-Limiting Model should be used to estimate inhalation exposure to solid powders. The EPA/OPPT Small Volume Solids Handling Inhalation Model may be used for sites handling less than 54 kg/site-day of the raw material; however, this is not expected in the CCP or thermal manufacturing industry.",,,,,,,,,,,,,,,,,,3,0,1,Upper Bound,Upper Bound,2,1,Particulate (non-volatile) (Class I),NOTE: The respirator class is: I. Particulate (including solid or liquid droplets).,1,,,95
0,0,135,26,"EPA/OPPT 2-Hand Dermal Contact with Liquids Model. Per the ESD for the Formulation of Adhesives, EPA recommends that the containers are assumed rinsed by the worker at the formulation site to perform a conservative assessment. ",,,,,,,,,,,,,,,,,,11,0,1,Output 1,High End,2,1,,,,,,96
0,0,136,26,EPA/OPPT 2-Hand Dermal Contact with Liquids Model. ,,,,,,,,,,,,,,,,,,11,0,1,Output 1,High End,2,1,,,,,,97
2,0,137,28,EPA/OPPT Direct 2-Hand Dermal Contact with Solids Model.,,,,,,,,,,,,,,,,,,12,0,1,High End,High End,2,1,,,,,,97
2,1,138,24,"OSHA PNOR PEL-Limiting Model. Per the ESD on the Formulation of Adhesives, EPA recommends that the containers are cleaned by the worker at the formulation site to perform a conservative assessment.",,,,,,,,,,,,,,,,,,3,0,1,Upper Bound,Upper Bound,2,1,Particulate (volatile) (Class I),NOTE: The respirator class is: I. Particulate (including solid or liquid droplets).,1,,,97
0,0,139,26,"EPA/OPPT 2-Hand Dermal Contact with Liquids Model. Per the ESD for the Formulation of Adhesives, EPA recommends that the containers are assumed rinsed by the worker at the formulation site to perform a conservative assessment. ",,,,,,,,,,,,,,,,,,11,0,1,Output 1,High End,2,1,,,,,,98
0,1,140,22,"EPA/OPPT Mass Balance Model. Per the ESD for the Formulation of Adhesives, EPA recommends that the containers are assumed rinsed by the worker at the formulation site to perform a conservative assessment. ",,,,,,,,,,,,,,,,,,1,1,1,Typical,Worst Case,2,1,Vapor (volatile) (Class II),NOTE: The respirator class is: II. Gas/vapor (all substances in the gas form).,1,,,98
0,0,141,26,"EPA/OPPT 2-Hand Dermal Contact with Liquids Model. Per the ESD on the Formulation of Radiation Curable Coatings, Inks, and Adhesives, EPA recommends that the containers are assumed rinsed by the worker at the formulation site to perform a conservative assessment. ",,,,,,,,,,,,,,,,,,11,0,1,Output 1,High End,2,1,,,,,,99
1,0,142,26,EPA/OPPT 2-Hand Dermal Contact with Liquids Model.,,,,,,,,,,,,,,,,,,11,0,1,Output 1,High End,2,1,,,,,,100
2,0,143,28,"EPA/OPPT Direct 2-Hand Dermal Contact with Solids Model. Per the ESD on the Formulation of Radiation Curable Coatings, Inks, and Adhesives, EPA recommends that the containers are cleaned by the worker at the formulation site to perform a conservative assessment.",,,,,,,,,,,,,,,,,,12,0,1,High End,High End,2,1,,,,,,100
2,1,144,24,OSHA PNOR PEL-Limiting Model.,,,,,,,,,,,,,,,,,,3,0,1,Upper Bound,Upper Bound,2,1,Particulate (volatile) (Class I),NOTE: The respirator class is: I. Particulate (including solid or liquid droplets).,1,,,100
0,0,145,26,"EPA/OPPT 2-Hand Dermal Contact with Liquids Model. Per the ESD on the Formulation of Radiation Curable Coatings, Inks, and Adhesives, EPA recommends that the containers are assumed rinsed by the worker at the formulation site to perform a conservative assessment. ",,,,,,,,,,,,,,,,,,11,0,1,Output 1,High End,2,1,,,,,,101
0,1,146,22,"EPA/OPPT Mass Balance Model. Per the ESD on the Formulation of Radiation Curable Coatings, Inks, and Adhesives, EPA recommends that the containers are assumed rinsed by the worker at the formulation site to perform a conservative assessment. ",,,,,,,,,,,,,,,,,,1,1,1,Typical,Worst Case,2,1,Vapor (volatile) (Class II),NOTE: The respirator class is: II. Gas/vapor (all substances in the gas form).,0,,,101
0,0,147,26,EPA/OPPT 2-Hand Dermal Contact with Liquids Model.,,,,,,,,,,,,,,,,,,11,0,1,Output 1,High End,2,1,,,,,,102
2,0,148,26,EPA/OPPT 2-Hand Dermal Contact with Liquids Model.,,,,,,,,,,,,,,,,,,11,0,1,Output 1,High End,2,1,,,,,,103
4,0,149,28,EPA/OPPT Direct 2-Hand Dermal Contact with Solids Model.,,,,,,,,,,,,,,,,,,12,0,1,High End,High End,2,1,,,,,,103
4,1,150,24,OSHA PNOR PEL-Limiting Model.,,,,,,,,,,,,,,,,,,3,0,1,Upper Bound,Upper Bound,2,1,Particulate (volatile) (Class I),NOTE: The respirator class is: I. Particulate (including solid or liquid droplets).,1,,,103
0,0,151,26,EPA/OPPT 2-Hand Dermal Contact with Liquids Model.,,,,,,,,,,,,,,,,,,11,0,1,Output 1,High End,2,1,,,,,,104
0,1,152,22,EPA/OPPT Mass Balance Model.,,,,,,,,,,,,,,,,,,1,1,1,Typical,Worst Case,2,1,Vapor (volatile) (Class II),NOTE: The respirator class is: II. Gas/vapor (all substances in the gas form).,1,,,104
2,0,172,25,EPA/OPPT 1-Hand Dermal Contact with Liquids Model.,,,,,,,,,,,,,,,,,,11,0,1,Output 1,High End,2,1,,,,,,113
2,0,153,26,EPA/OPPT 2-Hand Dermal Contact with Liquids Model.,,,,,,,,,,,,,,,,,,11,0,1,Output 1,High End,2,1,,,,,,105
0,0,154,28,EPA/OPPT Direct 2-Hand Dermal Contact with Solids Model.,,,,,,,,,,,,,,,,,,12,0,1,High End,High End,2,1,,,,,,106
0,1,155,24,"OSHA PNOR PEL-Limiting Model. The GS indicates that in most cases that more than 54 kg/site-day of a solid additive will be handled. If less than 54 kg/site-day of solids are handled, use the EPA Small Volume Handling Model. ",,,,,,,,,,,,,,,,,,3,0,1,Upper Bound,Upper Bound,2,1,Particulate (non-volatile) (Class I),NOTE: The respirator class is: I. Particulate (including solid or liquid droplets).,1,0,0,106
3,0,156,25,EPA/OPPT 1-Hand Dermal Contact with Liquids Model. The GS estimates potential exposure during equipment cleaning. This operation assesses 1-hand contact to account for dilution during cleaning. ,,,,,,,,,,,,,,,,,,11,0,1,Output 1,High End,2,0,,,,,,106
0,1,157,24,"OSHA PNOR PEL-Limiting Model. Per GS, unloading containers of compounded resin may generate dust. ",,,,,,,,,,,,,,,,,,3,0,1,Upper Bound,Upper Bound,2,1,Particulate (non-volatile) (Class I),NOTE: The respirator class is: I. Particulate (including solid or liquid droplets).,1,0,0,107
1,0,158,26,"EPA/OPPT 2-Hand Dermal Contact with Liquids Model. Per the ESD on Industrial Use of Adhesives for Substrate Bonding,  EPA recommends that the containers are assumed rinsed by the worker at the use site to perform a conservative assessment.",,,,,,,,,,,,,,,,,,11,0,1,Output 1,High End,2,1,,,,,,108
3,0,159,27,"EPA/OPPT 2-Hand Dermal Immersion in Liquid Model. Per the ESD on Industrial Use of Adhesives for Substrate Bonding, dermal exposure is expected during the application of adhesive formulations by spray, roll, or curtain coating. For spray application, the EPA/OPPT 2-Hand Dermal Immersion in Liquid Model may be used to estimate dermal exposure to the chemical of interest in a liquid formulation during these application activities.",,,,,,,,,,,,,,,,,,11,0,1,Output 1,High End,2,1,,,,,,108
3,1,160,49,"EPA/OPPT Automobile OEM Spray Coating Inhalation Model (non-volatile non-polyisocyanates). Per ESD on Industrial Use of Adhesive for Substrate Bonding, spray application is typically a controlled process conducted in a spray booth or an enclosed system. EPA recommends that if the process enclosure is unknown, assume the default system to be a manual or unenclosed application. Exposure estimates for an unknown process enclosure are conservatively estimated using the EPA/OPPT Automobile OEM Spray Coating Inhalation Exposure Model. /// Note: Inhalation exposure from spray application should be assessed for both volatile and non-volatile chemicals (see ESD for additional details). ",,,,,,,,,,,,,,,,,,2,0,1,What-If,What-If,2,1,Mist (volatile) (Class III),NOTE: The respirator class is: III. Combination Gas/Vapor and Particulate (gas and liquid/solid physical forms are both present).,1,,,108
1,0,161,26,"EPA/OPPT 2-Hand Dermal Contact with Liquids Model. Per the ESD on Industrial Use of Adhesives for Substrate Bonding,  EPA recommends that the containers are assumed rinsed by the worker at the use site to perform a conservative assessment.",,,,,,,,,,,,,,,,,,11,0,1,Output 1,High End,2,1,,,,,,109
1,1,162,22,"EPA/OPPT Mass Balance Model. Per the ESD on Industrial Use of Adhesives for Substrate Bonding, to perform a conservative assessment, EPA recommends that the containers are assumed rinsed by the worker at the use site. ",,,,,,,,,,,,,,,,,,1,1,1,Typical,Worst Case,2,1,Vapor (volatile) (Class II),NOTE: The respirator class is: II. Gas/vapor (all substances in the gas form).,0,,,109
3,0,163,27,"EPA/OPPT 2-Hand Dermal Immersion in Liquid Model. Per the ESD on Industrial Use of Adhesives for Substrate Bonding, dermal exposure is expected during the application of adhesive formulations by spray, roll, or curtain coating. For spray application, the EPA/OPPT 2-Hand Dermal Immersion in Liquid Model may be used to estimate dermal exposure to the chemical of interest in a liquid formulation during these application activities.",,,,,,,,,,,,,,,,,,11,0,1,Output 1,High End,2,1,,,,,,109
3,1,164,49,"EPA/OPPT Automobile OEM Spray Coating Inhalation Model (non-volatile non-polyisocyanates). Per ESD on Industrial Use of Adhesive for Substrate Bonding, spray application is typically a controlled process conducted in a spray booth or an enclosed system. EPA recommends that if the process enclosure is unknown, assume the default system to be a manual or unenclosed application. Exposure estimates for an unknown process enclosure are conservatively estimated using the EPA/OPPT Automobile OEM Spray Coating Inhalation Exposure Model. /// Note: Inhalation exposure from spray application should be assessed for both volatile and non-volatile chemicals (see ESD for additional details). ",,,,,,,,,,,,,,,,,,2,0,1,What-If,What-If,2,1,Mist (volatile) (Class III),NOTE: The respirator class is: III. Combination Gas/Vapor and Particulate (gas and liquid/solid physical forms are both present).,1,,,109
0,0,165,26,"EPA/OPPT 2-Hand Dermal Contact with Liquids Model. Per the ESD, at most sites, a limited number of workers are responsible for handling the neat metalworking fluid; however, at some small sites the individual machine operators may add neat metalworking fluid to their machines. The number of workers for this activity ranges from 2 shift workers (typical) to 46 machinists (high-end).",,,,,,,,,,,,,,,,,,11,1,0,Typical,High End,2,1,,,,,,110
5,1,166,46,"User-defined Inhalation Model. The workers operating metal shaping equipment are potentially exposed to the metalworking fluid by the mist that is generated from the shaping machine. Metal shaping machines typically spray the metalworking fluid on the part in the cutting zone, resulting in the generation of mist. For an unknown MW fluid, the typical mist concentration is estimated to be 0.24 mg/m3, while the high-end mist concentration is estimated to be 1.10 mg/m3. Fraction of chemical in the mist is estimated to be Fchem_neat / (1 - Fwater_neat) = 0.35 / (1-0.6) =  0.875. Inhalation exposure = MW fluid mist concentration x Breathing Rate x Exposure time (hr) x Fraction of chemical in the mist = (0.24 to 1.10 mg/m3) x (1.25 m3/hr) x (8 hr/day) x 0.875 = 2.1 to 9.6 mg/day. The ESD indicates that machine workers will perform this activity; therefore, the number of workers for this activity is 46 workers per site.",,,,,,,,,,,,,,,,,,2,1,1,Typical,High End,2,1,Mist (non-volatile) (Class I),NOTE: The respirator class is: I. Particulate (including solid or liquid droplets).,1,,,110
0,0,167,26,"EPA/OPPT 2-Hand Dermal Contact with Liquids Model. Per the ESD on Photoresist Use in Semiconductor Manufacturing, to perform a conservative assessment, EPA recommends that the containers are assumed rinsed by the technician at the manufacturing site, with up to 18 eqipment maintenance/waste management technicians per site potentially exposed during this activity. ",,,,,,,,,,,,,,,,,,11,0,1,Output 1,High End,2,1,,,,,,111
5,0,168,25,"EPA/OPPT 1-Hand Dermal Contact with Liquids Model. Per the ESD on Photoresist Use in Semiconductor Manufacturing, up to 48 equipment operators per site may be exposed during this activity",,,,,,,,,,,,,,,,,,11,0,1,Output 1,High End,2,1,,,,,,111
2,0,169,26,EPA/OPPT 2-Hand Dermal Contact with Liquids Model.,,,,,,,,,,,,,,,,,,11,0,1,Output 1,High End,2,1,,,,,,112
1,0,170,28,EPA/OPPT Direct 2-Hand Dermal Contact with Solids Model.,,,,,,,,,,,,,,,,,,12,0,1,High End,High End,2,1,,,,,,113
1,1,171,24,OSHA PNOR PEL-Limiting Model.,,,,,,,,,,,,,,,,,,3,0,1,Upper Bound,Upper Bound,2,1,Particulate (volatile) (Class I),NOTE: The respirator class is: I. Particulate (including solid or liquid droplets).,1,,,113
