ScenActID,RelModID,RelParmsAN,ModelID,DailyRelRE,DailyRelCB,AnnRelRE,AnnRelCB,DailyRel1_SN,DailyRel2_SN,AnnRel1_SN,AnnRel2_SN,RelDays,AirPct,WaterPct,LFPct,IncPct,OtherPct,OtherDesc,DestPct,Basis,DeepPct,RelDays2,OutputOn1,OutputOn2,Char1,Char2,NAICS,ModelStatus,ScenarioID
0,0,17,48,0.00000000e+00,0.00000000e+00,0.00000000e+00,0.00000000e+00,0.0E+0,0.0E+0,0.0E+0,0.0E+0,0.00000000e+00,,,,,,,,EPA/OPPT Automobile OEM Coating Overspray Loss Model (non-volatiles).,,0.00000000e+00,0,1,Output 1,Output 2,,0,41
1,0,160,2,0.00000000e+00,1.09090910e+01,0.00000000e+00,3.00000000e+04,0.0E+0,1.1E+1,0.0E+0,3.0E+4,0.00000000e+00,,,,,,,,"EPA/OPPT Drum Residual Model, CEB standard 3% residual. Per the ESD on the Application of Radiation Curable Coatings, Inks, and Adhesives, EPA recommends assuming a default transportation container size of 55-gallon drums; therefore, the EPA/OPPT Drum Residual Model may be used to estimate this release. Container cleaning may involve an organic and water wash, which could be released to water, incineration, or landfill, per ESD.",,2.50000000e+02,0,1,Central Tendency,High End,"water, incineration, or landfill (per ESD)",2,83
2,0,161,41,0.00000000e+00,2.87700012e+02,0.00000000e+00,7.91175062e+05,0.0E+0,2.9E+2,0.0E+0,7.9E+5,0.00000000e+00,,,,,,,,"EPA/OPPT Automobile Refinish Coating Overspray Loss Model (non-volatiles). Per the ESD on the Application of Radiation Curable Coatings, Inks, and Adhesives, the Spray Coating release model should be used if the application method and type of substrate are unknown; EPA suggests using the EPA/OPPT Automobile Refinish Coatings Overspray Loss Model to estimate releases from spray coating. Per the ESD, the user should assume the use of a conventional spray gun within a spray booth equipped with dry filter as default; this model assumes a spray booth efficiency of 90% and a solid removal efficiency of 100%. As conservative, CEB assumes the fraction of radiation curable product adhered is 25% (or a loss fraction of 75%) (per ESD). For this model, overspray releases are assessed to air (10%) and landfill or incineration (90%) (see ESD for additional details).",,2.50000000e+02,0,1,Output 1,Output 2,"Air (10%), Incineration or Landfill (90%) (per ESD)",2,83
3,0,162,3,0.00000000e+00,7.67199993e+00,0.00000000e+00,2.10980000e+04,0.0E+0,7.7E+0,0.0E+0,2.1E+4,0.00000000e+00,,,,,,,,"EPA/OPPT Multiple Process Vessel Residual Model, CEB standard 2% residual. Per the ESD on the Application of Radiation Curable Coatings, Inks, and Adhesives, industry-specific information estimates approximately one percent of used radiation curable product is lost during equipment cleaning at the application site with releases typically sent to incineration or land. EPA recommends using the EPA/OPPT Multiple Process Vessel Residual Model to conservatively estimate process losses from equipment cleaning if additional site-specific information is not available. ",,2.50000000e+02,0,1,Conservative,Conservative,Incineration or Landfill (per ESD),2,83
0,0,163,7,2.79580388e-04,5.59160777e-04,7.68846095e-01,1.53769219e+00,2.8E-4,5.6E-4,7.7E-1,1.5E+0,2.50000000e+02,,,,,,,,"EPA/OAQPS AP-42 Loading Model. Per the ESD on the Application of Radiation Curable Coatins, Inks, and Adhesives, ""if the chemical is volatile (e.g., the vapor pressure is > 0.001 torr), releases to air may occur from the displacement of saturated air when the chemical is transferred""; EPA suggests using the EPA/OAQPS AP-42 Loading Model to estimate the releases from transfer operations.",,2.50000000e+02,1,1,Typical,Worst Case,Air (per ESD),2,84
1,0,164,2,0.00000000e+00,1.09090910e+01,0.00000000e+00,3.00000000e+04,0.0E+0,1.1E+1,0.0E+0,3.0E+4,0.00000000e+00,,,,,,,,"EPA/OPPT Drum Residual Model, CEB standard 3% residual. Per the ESD on the Application of Radiation Curable Coatings, Inks, and Adhesives, EPA recommends assuming a default transportation container size of 55-gallon drums; therefore, the EPA/OPPT Drum Residual Model may be used to estimate this release. Container cleaning may involve an organic and water wash, which could be released to water, incineration, or landfill, per ESD.",,2.50000000e+02,0,1,Central Tendency,High End,"water, incineration, or landfill (per ESD)",2,84
1,1,165,9,0.00000000e+00,9.31058457e-06,0.00000000e+00,2.56041083e-02,0.0E+0,9.3E-6,0.0E+0,2.6E-2,0.00000000e+00,,,,,,,,"EPA/OPPT Penetration Model. Per the ESD on the Application of Radiation Curable Coatings, Inks, and Adhesives, ""if the chemical is volatile (e.g., vapor pressure is > 0.001 torr), it may volatilize and be emitted from the process while empty containers are being rinsed and cleaned""; EPA suggests using the EPA/OPPT Penetration Model for estimating releases to air from containers cleaned indoors.",,2.50000000e+02,0,1,Output 1,Output 2,Air (per ESD),2,84
2,0,166,9,2.57620668e-05,2.06096534e-04,7.08456859e-02,5.66765487e-01,2.6E-5,2.1E-4,7.1E-2,5.7E-1,2.50000000e+02,,,,,,,,"EPA/OPPT Penetration Model. Per the ESD on the Application of Radiation Curable Coatings, Inks, and Adhesives, ""if the chemical is volatile (e.g., the vapor pressure is > 0.001 torr), it may volatilize and be emitted from the process during QA/QC sampling activities""; EPA suggests using the EPA/OPPT Penetration Model to estimate releases to air from sampling activities performed indoors. ",,2.50000000e+02,1,1,Typical,Worst Case,Air (per ESD),2,84
3,0,167,41,0.00000000e+00,2.87700012e+02,0.00000000e+00,7.91175062e+05,0.0E+0,2.9E+2,0.0E+0,7.9E+5,0.00000000e+00,,,,,,,,"EPA/OPPT Automobile Refinish Coating Overspray Loss Model (non-volatiles). Per the ESD on the Application of Radiation Curable Coatings, Inks, and Adhesives, the Spray Coating release model should be used if the application method and type of substrate are unknown; EPA suggests using the EPA/OPPT Automobile Refinish Coatings Overspray Loss Model to estimate releases from spray coating. Per the ESD, the user should assume the use of a conventional spray gun within a spray booth equipped with dry filter as default; this model assumes a spray booth efficiency of 90% and a solid removal efficiency of 100%. As conservative, CEB assumes the fraction of radiation curable product adhered is 25% (or a loss fraction of 75%) (per ESD). For this model, overspray releases are assessed to air (10%) and landfill or incineration  (90%) (see ESD for additional details).",,2.50000000e+02,0,1,Output 1,Output 2,"Air (10%), Incineration or Landfill (90%) (per ESD)",2,84
4,0,168,3,0.00000000e+00,7.67199993e+00,0.00000000e+00,2.10980000e+04,0.0E+0,7.7E+0,0.0E+0,2.1E+4,0.00000000e+00,,,,,,,,"EPA/OPPT Multiple Process Vessel Residual Model, CEB standard 2% residual. Per the ESD on the Application of Radiation Curable Coatings, Inks, and Adhesives, industry-specific information estimates approximately one percent of used radiation curable product is lost during equipment cleaning at the application site with releases typically sent to incineration or land. EPA recommends using the EPA/OPPT Multiple Process Vessel Residual Model to conservatively estimate process losses from equipment cleaning if additional site-specific information is not available. ",,2.50000000e+02,0,1,Conservative,Conservative,Incineration or Landfill (per ESD),2,84
4,1,169,9,0.00000000e+00,2.30044797e-02,0.00000000e+00,6.32623177e+01,0.0E+0,2.3E-2,0.0E+0,6.3E+1,0.00000000e+00,,,,,,,,"EPA/OPPT Penetration Model. Per the ESD on the Application of Radiation Curable Coatings, Inks, and Adhesives, ""if the chemical is volatile (e.g., the vapor pressure is > 0.001 torr), it may be released to air""; EPA suggests using the EPA/OPPT Penetration Model for estimating releases to air from containers cleaned indoors. ",,2.50000000e+02,0,1,Output 1,Output 2,air (per ESD),2,84
0,0,170,2,0.00000000e+00,1.24905002e+00,0.00000000e+00,3.00000000e+02,0.0E+0,1.2E+0,0.0E+0,3.0E+2,0.00000000e+00,,,,,,,,"EPA/OPPT Drum Residual Model, CEB standard 3% residual. Per the ESD on the Blending of Fragrance Oils into Commercial and Consumer Products, ""EPA suggests that a 55-gallon drum be used as a default transport container""; therefore, the EPA/OPPT Drum Residual Model may be used to estimate this release. Container cleaning may involve organic and water wash, which could be released to water, incineration, or landfill, per ESD.",,8.00000000e+01,0,1,Central Tendency,High End,"water, incineration, or landfill (per ESD)",2,85
0,1,171,9,0.00000000e+00,1.19485833e-06,0.00000000e+00,8.96143727e-04,0.0E+0,1.2E-6,0.0E+0,9.0E-4,0.00000000e+00,,,,,,,,"EPA/OPPT Penetration Model. Per the ESD on the Blending of Fragrance Oils into Commercial and Consumer Products, ""if the chemical is volatile, it may vaporize while empty containers are being rinsed and cleaned; therefore, a release to air from container cleaning may occur""; EPA suggests using the EPA/OPPT Penetration Model for estimating releases to air from containers cleaned indoors.",,2.50000000e+02,0,1,Output 1,Output 2,Air (per ESD),2,85
1,0,172,7,3.58794859e-05,7.17589719e-05,2.69096140e-02,5.38192280e-02,3.6E-5,7.2E-5,2.7E-2,5.4E-2,2.50000000e+02,,,,,,,,"EPA/OAQPS AP-42 Loading Model. Per the ESD on the Blending of Fragrance Oils into Commercial and Consumer Products, ""if the chemical is volatile, it may vaporize while containers are being unloaded""; EPA suggests using EPA/OAQPS AP-42 Loading Model to estimate releases for transfer operations. ",,2.50000000e+02,1,1,Typical,Worst Case,Air (per ESD),2,85
2,0,173,9,2.57620668e-05,2.06096534e-04,1.93215497e-02,1.54572397e-01,2.6E-5,2.1E-4,1.9E-2,1.5E-1,2.50000000e+02,,,,,,,,"EPA/OPPT Penetration Model. Per the ESD on the Blending of Fragrance Oils into Commercial and Consumer Products, ""volatile chemicals can potentially be released to the air during mixing even at room temperature""; EPA suggests using the EPA/OPPT Penetration Model to estimate releases to air.",,2.50000000e+02,1,1,Typical,Worst Case,Air (per ESD),2,85
3,0,174,9,2.57620668e-05,2.06096534e-04,1.93215497e-02,1.54572397e-01,2.6E-5,2.1E-4,1.9E-2,1.5E-1,2.50000000e+02,,,,,,,,"EPA/OPPT Penetration Model. Per the ESD on the Blending of Fragrance Oils into Commercial and Consumer Products, ""if the chemical is volatile, it may volatilize and be emitted from the process during product QA/QC sampling activities""; EPA suggests using the EPA/OPPT Penetration Model to estimate releases to air as this operation is likely to occur indoors. ",,2.50000000e+02,1,1,Typical,Worst Case,Air (per ESD),2,85
4,0,175,8,0.00000000e+00,3.37386131e-01,0.00000000e+00,2.53039597e+02,0.0E+0,3.4E-1,0.0E+0,2.5E+2,0.00000000e+00,,,,,,,,"EPA/OPPT Mass Transfer Coefficient Model. Per ESD on the Blending of Fragrance Oils into Commercial and Consumer Products, ""for volatile chemicals, fugitive releases may occur during equipment cleaning operations""; EPA suggests using the EPA/OPPT Mass Transfer Coefficient Model for estimating releases during cleaning operations. The EPA standard diameter of the opening of a vessel for cleaning operations is 92 cm. ",,2.50000000e+02,0,1,Output 1,,Air (per ESD),2,85
4,1,176,6,0.00000000e+00,1.63999990e-01,0.00000000e+00,1.22999992e+02,0.0E+0,1.6E-1,0.0E+0,1.2E+2,0.00000000e+00,,,,,,,,"EPA/OPPT Solid Residuals in Transport Containers Model, CEB standard 1% residual. Per the ESD on the Blending of Fragrance Oils into Commercial and Consumer Products, the EPA/OPPT Solid Residuals in Transport Containers Model for fragrance oil formulated into solid products may be used as the default model for assessment (see ESD for additional details). Equipment may be rinsed with water or organic solvent; therefore, container residue may be released to water, incineration, or landfill. ",,2.50000000e+02,0,1,Output 1,Output 2,"water, incineration, or landfill (per ESD)",2,85
5,0,177,39,0.00000000e+00,1.10700004e-01,0.00000000e+00,8.30250015e+01,0.0E+0,1.1E-1,0.0E+0,8.3E+1,0.00000000e+00,,,,,,,,"User-Defined Loss Rate Model. Per ESD on the Blending of Fragrance Oils into Commercial and Consumer Products, ""if the end-use product is unknown, a conservative estimate assumes that fragrance oil is used in powder products because conveying, mixing, and packaging powder products produce all forms of emissions, including dust emissions""; EPA suggests using a product loss fraction of 4.5% to estimate particulate emissions. Dust is typically passed through a cyclone to remove most particulate, followed by a scrubber or ESP to remove smaller particulate and vapors; EPA suggests assuming an air pollution control device efficiency of 85% (see ESD for additional details). Dust generation from conveying, mixing, and packaging powder can be estimated with a loss fraction of ~0.675% (LF = 0.045 * (1 - 0.85) =0.00675). Note that per the ESD, dust captured by control technologies is typically recycled back into the process and is not released into the environment. Therefore, this quantity is not estimated.",,2.50000000e+02,0,1,Output 1,Output 2,"water, air, incineration, or landfill (per ESD)",2,85
1,0,178,2,0.00000000e+00,3.43488765e+00,0.00000000e+00,4.79999969e+02,0.0E+0,3.4E+0,0.0E+0,4.8E+2,0.00000000e+00,,,,,,,,"EPA/OPPT Drum Residual Model, CEB standard 3% residual. The ESD indicates that oil well chemicals may be transported in drums or bulk containers. If site-specific information is not available, EPA suggests that a 55-galllon drum be used as a default transport container to provide the most conservative release assessment. In lieu of additional industry-specific information, EPA conservatively assumes that empty containers may be rinsed with water or solvent, sent directly to a landfill or a drum recycler/re-conditioner. Therefore, container residues may be released to water (likely POTW), incineration or landfill.",,1.00000000e+00,0,1,Central Tendency,High End,"water, incineration, or landfill (per ESD)",2,86
2,0,179,39,0.00000000e+00,1.30794098e-04,0.00000000e+00,7.00402403e+00,0.0E+0,1.3E-4,0.0E+0,7.0E+0,0.00000000e+00,,,,,,,,"User-Defined Loss Rate Model. Per the ESD, oil production equipment is unlikely to be cleaned frequently. Therefore, the ESD only quantifies releases of the chemical of interest from the disposal of ""tank bottom residues"". While some chemical may not be released to the environment via regular equipment cleaning, it is ultimately disposed to other media as this ESD is similar to a 100 percent release scenario. The ESD estimates approximately 0.0437% of the chemical by weight may be lost from the cleaning of storage tanks and separation vessels. Chemical contained in tank bottom residues may be disposed to water (e.g. surface discharge) or land (e.g. land-filling, land-spreading). ",,3.50000000e+02,0,1,Output 1,Output 2,water or landfill (per ESD),2,86
3,0,180,39,0.00000000e+00,1.45160496e-01,0.00000000e+00,7.77334473e+03,0.0E+0,1.5E-1,0.0E+0,7.8E+3,0.00000000e+00,,,,,,,,"User-Defined Loss Rate Model. The ESD indicates that after water and sand are removed by gravity, the extracted oil/water mixture is separated through oil-water emulsion breaking. The oil well chemical may partition into either phase depending on its chemical and physical properties and presents several methods for estimating the partition (see ESD). If chemical-specific data are not available to estimate the partition, EPA recommends assuming 50 percent of the chemical partitions into the oil phase, with the remaining 50 percent remaining in the water phase, resulting in the following loss fraction (LF) = (1-Container Cleaning) x (1-Equipment Cleaning) x Fraction of PMN remaining in oil = (1-0.03) x (1-0.000437) x 0.5 = 0.485.",,3.50000000e+02,0,1,Output 1,Output 2,off-site incineration (per ESD),2,86
4,0,181,39,0.00000000e+00,1.45160496e-01,0.00000000e+00,7.77334473e+03,0.0E+0,1.5E-1,0.0E+0,7.8E+3,0.00000000e+00,,,,,,,,"User-Defined Loss Rate Model. The ESD indicates that after water and sand are removed by gravity, the extracted oil/water mixture is separated through oil-water emulsion breaking. The oil well chemical may partition into either phase depending on its chemical and physical properties and presents several methods for estimating the partition (see ESD). If chemical-specific data are not available to estimate the partition, EPA recommends assuming 50 percent of the chemical partitions into the oil phase, with the remaining 50 percent remaining in the water phase, resulting in the following loss fraction (LF) = (1-Container Cleaning) x (1-Equipment Cleaning) x Fraction of PMN remaining in water phase = (1-0.03) x (1-0.000437) x 0.5 = 0.485. Of this water phase, 36% is deep-well injected and 1% is treated and discharged.",,3.50000000e+02,0,1,Output 1,Output 2,deep well injection (36%) and wastewater treatment (1%) (per ESD),2,86
5,0,182,39,0.00000000e+00,8.67969915e-03,0.00000000e+00,4.64797882e+02,0.0E+0,8.7E-3,0.0E+0,4.6E+2,0.00000000e+00,,,,,,,,"User-Defined Loss Rate Model. Per the ESD, for on-shore operations, a small portion of the produced water is used for irrigation, transported to certified evaporation or percolation ponds, all of which ultimately result in land releases. The ESD presents the following loss fraction (LF) = (1-Container Cleaning) x (1-Equipment Cleaning) x Fraction of PMN remaining in water phase x Fraction of produced water released to land = (1-0.03) x (1-0.000437) x 0.5 x 0.06 = 0.029.",,3.50000000e+02,0,1,Output 1,Output 2,land (per ESD),2,86
1,0,183,39,0.00000000e+00,2.54140015e+01,0.00000000e+00,9.91146094e+04,0.0E+0,2.5E+1,0.0E+0,9.9E+4,0.00000000e+00,,,,,,,,"User-Defined Loss Rate Model. Per the ESD on Chemicals Used in Water Based Washing Operations at Industrial and Institutional Laundries, assume the entire production volume of the chemical of interest is discharged directly to a POTW from the washing process. Loss fraction = (1 - Fraction lost from container residue) = (1 - 0.03) = 0.97. ",,2.60000000e+02,0,1,Output 1,Output 2,POTW or Air (per ESD),2,87
0,0,184,39,0.00000000e+00,1.03281006e+02,0.00000000e+00,1.07412250e+05,0.0E+0,1.0E+2,0.0E+0,1.1E+5,0.00000000e+00,,,,,,,,"User-Defined Loss Rate Model. Per the ESD on Chemicals Used in Water Based Washing Operations at Industrial and Institutional Laundries, assume the entire production volume, except dust emissions, is discharged directly to a POTW from the washing process. LF = 1 - 0.005 - 0.995.",,2.60000000e+02,0,1,Output 1,Output 2,POTW (per ESD),2,88
1,0,185,53,0.00000000e+00,4.80769217e-01,0.00000000e+00,5.00000000e+02,0.0E+0,4.8E-1,0.0E+0,5.0E+2,0.00000000e+00,,,,,,,,"EPA/OPPT Solids Transfer Dust Loss Model. No dust controls are assumed as a worst case. Per the ESD on Chemicals Used in Water Based Washing Operations at Industrial and Institutional Laundries, ""dust generation is expected from transferring operations""; EPA suggests using the EPA/OPPT Dust Emissions from Transferring Soilds Model to estimate dust releases generated during the transfer of solid laundry cleaning products. If additional site specific information is not  available, this release is conservatively assumed released to air, water, incineration, or land (per ESD).",,2.60000000e+02,0,1,Conservative,Conservative,"Air, Water, Incineration, or Landfill (per ESD)",2,88
0,0,186,9,0.00000000e+00,4.59560880e-07,0.00000000e+00,1.79228745e-03,0.0E+0,4.6E-7,0.0E+0,1.8E-3,0.00000000e+00,,,,,,,,"EPA/OPPT Penetration Model. Per the ESD on Chemicals Used in Water Based Washing Operations at Industrial and Institutional Laundries, ""for volatile chemicals, releases to air may occur as a worker manually pours the laundry cleaning product into the washer (default scenario)""; automatic liquid injection systems are only expected to generate air releases when transfer lines are being connected to the transport containers. EPA suggests using the EPA/OPPT Penetration Model to estimate releases from either manual or automatic loading. Manual loading is expected to occur over the course of 12 hours per day.",,2.60000000e+02,0,1,Output 1,Output 2,Air (per ESD),2,89
1,0,187,9,2.57620655e-07,2.06096524e-06,1.00472057e-03,8.03776458e-03,2.6E-7,2.1E-6,1.0E-3,8.0E-3,2.60000000e+02,,,,,,,,"EPA/OPPT Penetration Model. Per the ESD on Chemicals Used in Water Based Washing Operations at Industrial and Institutional Laundries, ""volatile chemicals may evaporate and be released to air during the washing and drying process."" While most of these volatile releases will be vented outside the facility from the washer or dryer, a portion of volatile chemicals may be released into the workers breathing zone. EPA suggests using the EPA/OPPT Penetration Model to estimate volatile releases from a pool of liquid; ""lifters"" are typically located at industrial laundry facilities and are open vessels that process hot water from one stage of the washer to the next. The chemical of interest within the hot wash water will be at a dilute concentration; EPA recommends assuming 0.001 kg chemical of interest/kg of wash water. A vapor pressure correction factor can be estimated based on the use chemical properties (see ESD for additional information). // Note: Vapor correction factor shown based on a chemical of interest molecular weight of 200 g/mol. ",,2.60000000e+02,1,1,Typical,Worst Case,Air (per ESD),2,89
1,1,188,39,0.00000000e+00,2.54140015e+01,0.00000000e+00,9.91146094e+04,0.0E+0,2.5E+1,0.0E+0,9.9E+4,0.00000000e+00,,,,,,,,"User-Defined Loss Rate Model. Per the ESD on Chemicals Used in Water Based Washing Operations at Industrial and Institutional Laundries, ""volatile components may be released to a POTW in wastewater after the washing cycle."" They may also evaporate and be released to air during the washing process, especially if hot water washing cycle is used. Any residual volatile components that are not removed during the washing process will evaporate during the transfer, streaming, pressing, or drying of the laundered textile. Per ESD, assume the entire production volume of the chemical of interest, except for releases to air during transfers, is released to POTW or vented to air. Loss fraction = (1 - Fraction lost from container residue - Fraction lost from dust generation) = (1 - 0.03 - 0) = 0.97. (Note that this assumes that upstream fugitive air releases are negligible). ",,2.60000000e+02,0,1,Output 1,Output 2,POTW or Air (per ESD),2,89
0,0,192,39,1.39999998e+00,1.95999992e+00,5.04000000e+03,7.05599951e+03,1.4E+0,2.0E+0,5.0E+3,7.1E+3,3.60000000e+02,,,,,,,,"User-Defined Loss Rate Model. Per the ESD on Chemical Vapor Deposition in the Semiconductor Industry, unreacted CVD precursors from the deposition process are vented to control technology for treatment prior to release to the environment; the quantity of unreacted material purged is related to the utilization rate of the precursor. In the absence of chemical specific data, EPA recommends assuming 30% to 50% utilization rate for a given CVD precursor; the utilization rate corresponds to a high-end release fraction of 70% and a low end release fraction of 50%. EPA also assumes a default abatement removal and destruction of 99 percent. The remaining one percent is further routed to a central house abatement system, where potential releases include air or water. ",,3.60000000e+02,1,1,Low End,High End,air or water (1%); destroyed (99%) (per ESD),2,91
1,0,193,1,0.00000000e+00,1.90900021e+01,0.00000000e+00,4.77250049e+03,0.0E+0,1.9E+1,0.0E+0,4.8E+3,0.00000000e+00,,,,,,,,"EPA/OPPT Bulk Transport Residual Model, CEB standard 0.2% residual. Per the ESD on the Formulation and Application of Thermal and Carbonless Copy Paper Coatings, ""information from industry sources indicates that almost all liquid raw materials are received at manufacturing facilities in bulk (tanker or railcar)""; EPA recommends assuming a default container size of 5,000 gallon tank trucks. Therefore, EPA suggests using the EPA/OPPT Bulk Transport Residual Model to estimate container residue releases from raw materials. If it is known that coating occurs on a relatively small scale, such as at a converter facility, the EPA/OPPT Drum Residual Model may be used to estimate container residual for drums containing between 20 and 100 gallons of liquid. Per ESD, no information on container cleaning procedures was available; therefore, potential releases to water, incineration or landfill may be assumed.",,2.50000000e+02,0,1,Central Tendency,High End,"water, incineration, or landfill (per ESD)",2,92
2,0,194,3,0.00000000e+00,1.90899994e+02,0.00000000e+00,4.77250000e+04,0.0E+0,1.9E+2,0.0E+0,4.8E+4,0.00000000e+00,,,,,,,,"EPA/OPPT Multiple Process Vessel Residual Model, CEB standard 2% residual. Per the ESD on the Formulation and Application of Thermal and Carbonless Copy Paper Coatings, EPA assumes that the amount of residual chemical remaining in the process equipment may be estimated using the EPA/OPPT Multiple Vessel Residual Model. EPA assumes these residues are typically sent to on-site wastewater treatment at CCP and thermal paper manufacturing sites. Converter sites may not necessarily have on-site wastewater treatment, and may instead discharge without treatment directly to a POTW.",,2.50000000e+02,0,1,Conservative,Conservative,On-site wastewater treatment or POTW (per ESD),2,92
3,0,195,39,0.00000000e+00,1.43175000e+03,0.00000000e+00,3.57937500e+05,0.0E+0,1.4E+3,0.0E+0,3.6E+5,0.00000000e+00,,,,,,,,"User-Defined Loss Rate Model. Per the ESD on the Formulation and Application of Thermal and Carbonless Copy Paper Coatings, EPA estimates 10-15 percent of the acid developer or microcapsule slurry formulation used at CCP manufacturing sites is lost during the coating process; this includes wastes generated during product changeover, unused coating formulations, and cleaning of the coating equipment. These wastes are typically sent to on-site wastewater treatment or to POTW from converter sites (see ESD for additional details).",,2.50000000e+02,0,1,Output 1,Output 2,On-site wastewater treatment or POTW (per ESD),2,92
4,0,196,39,0.00000000e+00,3.81799988e+02,0.00000000e+00,9.54500000e+04,0.0E+0,3.8E+2,0.0E+0,9.5E+4,0.00000000e+00,,,,,,,,"User-Defined Loss Rate Model. Per the ESD on the Formulation and Application of Thermal and Carbonless Copy Paper Coatings, EPA estimates 4 percent of the throughput may be lost during CCP product finishing; this waste paper may be reprocessed as broke at the mill or be shipped to another paper manufacturing facility. During broke reprocessing, the chemical may be removed from the paper and released to on-site wastewater treatment or remain and be retained in the paper. Converter sites may instead discharge without treatment directly to a POTW (see ESD for additional details).",,2.50000000e+02,0,1,Output 1,Output 2,On-site wastewater treatment or POTW (per ESD),2,92
0,0,197,3,0.00000000e+00,1.90899994e+02,0.00000000e+00,4.77250000e+04,0.0E+0,1.9E+2,0.0E+0,4.8E+4,0.00000000e+00,,,,,,,,"EPA/OPPT Multiple Process Vessel Residual Model, CEB standard 2% residual. Per the ESD on the Formulation and Application of Thermal and Carbonless Copy Paper Coatings, EPA assumes that the amount of residual chemical remaining in the process equipment may be estimated using the EPA/OPPT Multiple Vessel Residual Model. EPA assumes these residues are typically sent to on-site wastewater treatment at CCP and thermal paper manufacturing sites. Converter sites may not necessarily have on-site wastewater treatment, and may instead discharge without treatment directly to a POTW.",,2.50000000e+02,0,1,Conservative,Conservative,On-site wastewater treatment or POTW (per ESD),2,93
1,0,198,39,0.00000000e+00,1.43175000e+03,0.00000000e+00,3.57937500e+05,0.0E+0,1.4E+3,0.0E+0,3.6E+5,0.00000000e+00,,,,,,,,"User-Defined Loss Rate Model. Per the ESD on the Formulation and Application of Thermal and Carbonless Copy Paper Coatings, EPA estimates 10-15 percent of the acid developer or microcapsule slurry formulation used at CCP manufacturing sites is lost during the coating process; this includes wastes generated during product changeover, unused coating formulations, and cleaning of the coating equipment. These wastes are typically sent to on-site wastewater treatment or to POTW from converter sites (see ESD for additional details).",,2.50000000e+02,0,1,Output 1,Output 2,On-site wastewater treatment or POTW (per ESD),2,93
1,0,296,5,0.00000000e+00,5.67750027e-03,0.00000000e+00,0.00000000e+00,0.0E+0,5.7E-3,0.0E+0,0.0E+0,0.00000000e+00,,,,,,,,"EPA/OPPT Small Container Residual Model, CEB standard 0.6% residual. Per the ESD on Coating Application via Spray Painting in the Automotive Refinishing Industry, EPA suggests using a default container size of 1-gallon cans in the absence of site-specific information; therefore, the EPA/OPPT Small Container Residual Model may be used to estimate this release. The media of release for this source is uncertain; in these cases, EPA assumes that disposal may be to landfill or incineration. If the chemical is used in a waterborne coating product, EPA recommends assuming that the containers are rinsed with water, which is subsequently discharged from the shop (i.e., waterborne coating product container residues disposed to water). Per ESD, solvent-based coatings should be used as default unless the chemical use information specifically states PMN use in waterborne coating formulations; therefore, CEB assesses this release to incineration or landfill. ",,0.00000000e+00,0,1,Central Tendency,High End,Incineration or Landfill (per ESD),2,114
2,0,297,3,0.00000000e+00,7.89999962e-03,0.00000000e+00,1.97499990e+00,0.0E+0,7.9E-3,0.0E+0,2.0E+0,0.00000000e+00,,,,,,,,"EPA/OPPT Multiple Process Vessel Residual Model, CEB standard 2% residual. Per the ESD on Coating Application via Spray Painting in the Automotive Refinishing Industry, the amount of residual coating product remaining in the spray coating equipment (e.g., mixing cup and spray gun) may be estimated using the EPA/OPPT Multiple Process Vessel Residual Model; this model assumes that no more than two percent of the daily amount of coating product that is mixed and transferred into the spray gun remains in the mixing equipment and spray gun as residue that is disposed as equipment cleaning waste. EPA suggests that these residues may be disposed to incineration or landfill. If the chemical of interest is used in a waterborne coating product, EPA recommends assuming that the equipment is rinsed with water, which is subsequently discharged from the shop (i.e., waterborne coating product container residues disposed to water). Per ESD, solvent-based coatings should be used as default unless the chemical use information specifically states PMN use in waterborne coating formulations; therefore, CEB assesses this release to incineration or landfill. ",,2.50000000e+02,0,1,Conservative,Conservative,Incineration or Landfill (per ESD),2,114
3,0,298,41,1.38250008e-01,3.16000015e-01,3.45625038e+01,7.90000000e+01,1.4E-1,3.2E-1,3.5E+1,7.9E+1,2.50000000e+02,,,,,,,,"EPA/OPPT Automobile Refinish Coating Overspray Loss Model (non-volatiles). Per the ESD on Coating Application via Spray Painting in the Automotive Refinishing Industry, EPA recommends that the range in spray gun transfer efficiencies be used to estimate typical (65% for HVLP spray guns) and worst-case (20% for conventional spray guns) releases from automotive refinishing spray applications. The oversprayed coating, in the form of a mist, either settles to the floor and walls of the spray booth or other workspace where spraying occurs or is captured by the ventilation system; most spray booths and prep stations use a dry filter to capture coating mist and dust from the exhaust prior to the final emission. The oversprayed coating particles that are captured by the controls are disposed to either incineration or landfill (per ESD). EPA recommends assuming that shops use a dry filter with an average capture efficiency of 96%; the remaining 4% is released to air.",,2.50000000e+02,1,1,Typical,Worst Case,"Air (4%), Incineration or Landfill (96%) (per ESD)",2,114
2,0,199,39,0.00000000e+00,3.81799988e+02,0.00000000e+00,9.54500000e+04,0.0E+0,3.8E+2,0.0E+0,9.5E+4,0.00000000e+00,,,,,,,,"User-Defined Loss Rate Model. Per the ESD on the Formulation and Application of Thermal and Carbonless Copy Paper Coatings, EPA estimates 4 percent of the throughput may be lost during CCP product finishing; this waste paper may be reprocessed as broke at the mill or be shipped to another paper manufacturing facility. During broke reprocessing, the chemical may be removed from the paper and released to on-site wastewater treatment or remain and be retained in the paper. Converter sites may instead discharge without treatment directly to a POTW (see ESD for additional details).",,2.50000000e+02,0,1,Output 1,Output 2,On-site wastewater treatment or POTW (per ESD),2,93
4,0,200,53,0.00000000e+00,4.77257843e+01,0.00000000e+00,1.19314463e+04,0.0E+0,4.8E+1,0.0E+0,1.2E+4,0.00000000e+00,,,,,,,,"EPA/OPPT Solids Transfer Dust Loss Model. No dust controls are assumed as a worst case. Per the ESD on the Formulation and Application of Thermal and Carbonless Copy Paper Coatings, dust may be generated when solid powders are unloaded; industry-specific data was not found on control technologies used to collect and dispose dust generation from unloading and transferring solid powders. EPA suggests using the EPA/OPPT Dust Emissions from Transferring Solids Model to estimate dust releases generated from the transfer of solid CCP or thermal manufacturing component; the model assumes up to 0.5% released to water, air, incineration, or land.",,2.50000000e+02,0,1,Conservative,Conservative,"water, air, incineration, or land (per model)",2,93
5,0,201,6,0.00000000e+00,9.54515686e+01,0.00000000e+00,2.38628926e+04,0.0E+0,9.5E+1,0.0E+0,2.4E+4,0.00000000e+00,,,,,,,,"EPA/OPPT Solid Residuals in Transport Containers Model, CEB standard 1% residual. Per ESD on the Formulation and Application of Thermal and Carbonless Copy Paper Coatings, ""industry sources indicate that all bags are disposed at a third party permitted landfill facility."" As conservatie, CEB assumes these wastes may also be incinerated. EPA suggests using the EPA/OPPT Solids Residual in Transport Containers Model to estimate container residue releases from raw materials received in bags or supersacks.",,2.50000000e+02,0,1,Output 1,Output 2,Incineration or Landfill (per ESD),2,93
1,0,202,1,0.00000000e+00,3.78500009e+00,0.00000000e+00,9.00000000e+02,0.0E+0,3.8E+0,0.0E+0,9.0E+2,0.00000000e+00,,,,,,,,"EPA/OPPT Bulk Transport Residual Model, CEB standard 0.2% residual. Per the ESD on the Formulation and Application of Thermal and Carbonless Copy Paper Coatings, ""information from industry sources indicates that almost all liquid raw materials are received at manufacturing facilities in bulk (tanker or railcar)""; EPA recommends assuming a default container size of 5,000 gallon tank trucks. Therefore, EPA suggests using the EPA/OPPT Bulk Transport Residual Model to estimate container residue releases from raw materials. If it is known that coating occurs on a relatively small scale, such as at a converter facility, the EPA/OPPT Drum Residual Model may be used to estimate container residual for drums containing between 20 and 100 gallons of liquid. Per ESD, no information on container cleaning procedures was available; therefore, potential releases to water, incineration or landfill may be assumed.",,2.38000000e+02,0,1,Central Tendency,High End,"water, incineration, or landfill (per ESD)",2,94
2,0,203,3,0.00000000e+00,3.60000000e+01,0.00000000e+00,9.00000000e+03,0.0E+0,3.6E+1,0.0E+0,9.0E+3,0.00000000e+00,,,,,,,,"EPA/OPPT Multiple Process Vessel Residual Model, CEB standard 2% residual. Per the ESD on the Formulation and Application of Thermal and Carbonless Copy Paper Coatings, EPA assumes that the amount of residual chemical remaining in the process equipment may be estimated using the EPA/OPPT Multiple Vessel Residual Model. EPA assumes these residues are typically sent to on-site wastewater treatment at CCP and thermal paper manufacturing sites. Converter sites may not necessarily have on-site wastewater treatment, and may instead discharge without treatment directly to a POTW.",,2.50000000e+02,0,1,Conservative,Conservative,On-site wastewater treatment or POTW (per ESD),2,94
3,0,204,39,0.00000000e+00,2.70000000e+02,0.00000000e+00,6.75000000e+04,0.0E+0,2.7E+2,0.0E+0,6.8E+4,0.00000000e+00,,,,,,,,"User-Defined Loss Rate Model. Per the ESD on the Formulation and Application of Thermal and Carbonless Copy Paper Coatings, EPA estimates 10 15 percent of the acid developer or microcapsulte slurry formulation used at CCP manufacturing sites is lost during the coating process; this includes wastes generated during product changeover, unused coating formulations, and cleaning of the coating equipment. EPA suggests that ""in the absence of site specific information indicating recycling of wastes, the same conservative loss fraction applied to CCP formulation (15 percent) should be assessed for thermal paper manufacturing operations."" These wastes are typically sent to on site wastewater treatment or to POTW from converter sites (see ESD for additional details).",,2.50000000e+02,0,1,Output 1,Output 2,On-site wastewater treatment or POTW (per ESD),2,94
4,0,205,39,0.00000000e+00,7.20000000e+01,0.00000000e+00,1.80000000e+04,0.0E+0,7.2E+1,0.0E+0,1.8E+4,0.00000000e+00,,,,,,,,"User-Defined Loss Rate Model. Per the ESD on the Formulation and Application of Thermal and Carbonless Copy Paper Coatings, EPA estimates 4 percent of the throughput may be lost during CCP product finishing; this waste paper may be reprocessed as broke at the mill or be shipped to another paper manufacturing facility. EPA suggests that ""the broke generation fraction assumed for CCP may be applied to thermal paper manufacturing sites to produce a release estimate, in the absence of site specific data."" During broke reprocessing, the chemical may be removed from the paper and released to on site wastewater treatment or remain and be retained in the paper. Converter sites may instead discharge without treatment directly to a POTW (see ESD for additional details).",,2.50000000e+02,0,1,Output 1,Output 2,On-site wastewater treatment or POTW (per ESD),2,94
0,0,206,3,0.00000000e+00,3.60000000e+01,0.00000000e+00,9.00000000e+03,0.0E+0,3.6E+1,0.0E+0,9.0E+3,0.00000000e+00,,,,,,,,"EPA/OPPT Multiple Process Vessel Residual Model, CEB standard 2% residual. Per the ESD on the Formulation and Application of Thermal and Carbonless Copy Paper Coatings, EPA assumes that the amount of residual chemical remaining in the process equipment may be estimated using the EPA/OPPT Multiple Vessel Residual Model. EPA assumes these residues are typically sent to on-site wastewater treatment at CCP and thermal paper manufacturing sites. Converter sites may not necessarily have on-site wastewater treatment, and may instead discharge without treatment directly to a POTW.",,2.50000000e+02,0,1,Conservative,Conservative,On-site wastewater treatment or POTW (per ESD),2,95
1,0,207,39,0.00000000e+00,2.70000000e+02,0.00000000e+00,6.75000000e+04,0.0E+0,2.7E+2,0.0E+0,6.8E+4,0.00000000e+00,,,,,,,,"User-Defined Loss Rate Model. Per the ESD on the Formulation and Application of Thermal and Carbonless Copy Paper Coatings, EPA estimates 10 to 15 percent of the acid developer or microcapsulte slurry formulation used at CCP manufacturing sites is lost during the coating process; this includes wastes generated during product changeover, unused coating formulations, and cleaning of the coating equipment. EPA suggests that ""in the absence of site specific information indicating recycling of wastes, the same conservative loss fraction applied to CCP formulation (15 percent) should be assessed for thermal paper manufacturing operations."" These wastes are typically sent to on site wastewater treatment or to POTW from converter sites (see ESD for additional details).",,2.50000000e+02,0,1,Output 1,Output 2,On-site wastewater treatment or POTW (per ESD),2,95
2,0,208,39,0.00000000e+00,7.20000000e+01,0.00000000e+00,1.80000000e+04,0.0E+0,7.2E+1,0.0E+0,1.8E+4,0.00000000e+00,,,,,,,,"User-Defined Loss Rate Model. Per the ESD on the Formulation and Application of Thermal and Carbonless Copy Paper Coatings, EPA estimates 4 percent of the throughput may be lost during CCP product finishing; this waste paper may be reprocessed as broke at the mill or be shipped to another paper manufacturing facility. EPA suggests that ""the broke generation fraction assumed for CCP may be applied to thermal paper manufacturing sites to produce a release estimate, in the absence of site specific data."" During broke reprocessing, the chemical may be removed from the paper and released to on site wastewater treatment or remain and be retained in the paper. Converter sites may instead discharge without treatment directly to a POTW (see ESD for additional details).",,2.50000000e+02,0,1,Output 1,Output 2,On-site wastewater treatment or POTW (per ESD),2,95
4,0,209,53,0.00000000e+00,8.99999523e+00,0.00000000e+00,2.24999878e+03,0.0E+0,9.0E+0,0.0E+0,2.2E+3,0.00000000e+00,,,,,,,,"EPA/OPPT Solids Transfer Dust Loss Model. No dust controls are assumed as a worst case. Per the ESD on the Formulation and Application of Thermal and Carbonless Copy Paper Coatings, dust may be generated when solid powders are unloaded; industry-specific data was not found on control technologies used to collect and dispose dust generation from unloading and transferring solid powders. EPA suggests using the EPA/OPPT Dust Emissions from Transferring Solids Model to estimate dust releases generated during the transfer of solid CCP or thermal paper manufacturing components; the model assumes up to 0.5% released to water, air, incineration, or land.",,2.50000000e+02,0,1,Conservative,Conservative,"water, air, incineration, or landfill (per ESD)",2,95
5,0,210,6,0.00000000e+00,1.79999905e+01,0.00000000e+00,4.49999756e+03,0.0E+0,1.8E+1,0.0E+0,4.5E+3,0.00000000e+00,,,,,,,,"EPA/OPPT Solid Residuals in Transport Containers Model, CEB standard 1% residual. Per ESD on the Formulation and Application of Thermal and Carbonless Copy Paper Coatings, ""industry sources indicates that all bags are disposed at a third party permitted landfill facility."" As conservative, CEB assumes these wastes may also be incinerated. EPA suggests using the EPA/OPPT Solids Residual in Transport Containers Model to estimate container residue releases from raw materials received in bags or supersacks.",,2.50000000e+02,0,1,Output 1,Output 2,Incineration or Landfill (per ESD),2,95
0,0,211,2,0.00000000e+00,1.20000008e+02,0.00000000e+00,4.38000039e+04,0.0E+0,1.2E+2,0.0E+0,4.4E+4,0.00000000e+00,,,,,,,,"EPA/OPPT Drum Residual Model, CEB standard 3% residual. Per the ESD for the Formulation of Adhesives,""EPA suggests that a default transportation container size of a 55-gallon drum should be used in the absence of site-specific information""; therefore, the EPA/OPPT Drum Residual Model may be used to estimate this release. EPA suggests that if additionaly site-specific information is not available, the entirety of this release is conservatively assessed to each of water, incineration, and landfill. ",,3.65000000e+02,0,1,Central Tendency,High End,"water, incineration, and landfill (per ESD)",2,96
2,0,212,3,0.00000000e+00,8.00000000e+01,0.00000000e+00,2.92000000e+04,0.0E+0,8.0E+1,0.0E+0,2.9E+4,0.00000000e+00,,,,,,,,"EPA/OPPT Multiple Process Vessel Residual Model, CEB standard 2% residual. Per the ESD for the Formulation of Adhesives, EPA assumes that the amount of residual adhesive chemical remaining in the process equipment may be estimated using the EPA/OPPT Multiple Process Vessel Residual Model, which may be released to water, incineration, or landfill. ",,3.65000000e+02,0,1,Conservative,Conservative,"water, incineration, or landfill (per ESD)",2,96
0,0,213,3,0.00000000e+00,8.00000000e+01,0.00000000e+00,2.92000000e+04,0.0E+0,8.0E+1,0.0E+0,2.9E+4,0.00000000e+00,,,,,,,,"EPA/OPPT Multiple Process Vessel Residual Model, CEB standard 2% residual. Per the ESD for the Formulation of Adhesives, EPA assumes that the amount of residual adhesive chemical remaining in the process equipment may be estimated using the EPA/OPPT Multiple Process Vessel Residual Model, which may be released to water, incineration, or landfill. ",,3.65000000e+02,0,1,Conservative,Conservative,"water, incineration, or landfill (per ESD)",2,97
2,0,214,53,0.00000000e+00,1.99998360e+01,0.00000000e+00,7.29993994e+03,0.0E+0,2.0E+1,0.0E+0,7.3E+3,0.00000000e+00,,,,,,,,"EPA/OPPT Solids Transfer Dust Loss Model. No dust controls are assumed as a worst case. Per the ESD for the Formulation of Adhesives, ""for solid adhesive components, dust generation is expected from transferring operations""; therefore, the EPA/OPPT Dust Emissions from Transferring Solids Model may be used to estimate dust releases. This model assumes that up to 0.5% of the transferred quantity may be released to the environment; dusts are either collected on filters or cleaned from workspace surfaces and are expected to be released to water, air, incineration, or landfill.",,3.65000000e+02,0,1,Conservative,Conservative,"water, air, incineration, or landfill (per ESD)",2,97
3,0,215,6,0.00000000e+00,3.99996719e+01,0.00000000e+00,1.45998799e+04,0.0E+0,4.0E+1,0.0E+0,1.5E+4,0.00000000e+00,,,,,,,,"EPA/OPPT Solid Residuals in Transport Containers Model, CEB standard 1% residual. Per the ESD for the Formulation of Adhesives, EPA suggests using engineering judgement to determine if a container size other than the standard default of 55-gallon drums for liquids is more appropriate; for a solid component, a 50-pound bag may be more appropriate. The EPA/OPPT Solid Residuals in Transport Containers Model may be used to estimate this release. EPA suggests that if additional site-specific information is not available, the entirety of this release is conservatively assessed to each of water, incineration, and landfill.",,3.65000000e+02,0,1,Output 1,Output 2,"water, incineration, or landfill (per ESD)",2,97
0,0,216,2,0.00000000e+00,1.20000008e+02,0.00000000e+00,4.38000039e+04,0.0E+0,1.2E+2,0.0E+0,4.4E+4,0.00000000e+00,,,,,,,,"EPA/OPPT Drum Residual Model, CEB standard 3% residual. Per the ESD for the Formulation of Adhesives,""EPA suggests that a default transportation container size of a 55-gallon drum should be used in the absence of site-specific information""; therefore, the EPA/OPPT Drum Residual Model may be used to estimate this release. EPA suggests that if additionaly site-specific information is not available, the entirety of this release is conservatively assessed to each of water, incineration, and landfill. ",,3.65000000e+02,0,1,Central Tendency,High End,"water, incineration, and landfill (per ESD)",2,98
0,1,217,9,0.00000000e+00,7.16915019e-05,0.00000000e+00,2.61673983e-02,0.0E+0,7.2E-5,0.0E+0,2.6E-2,0.00000000e+00,,,,,,,,"EPA/OPPT Penetration Model. Per the ESD for the Formulation of Adhesives, ""if the chemical is volatile (e.g., the vapor pressure is > 0.001 torr), it may volatilize and be emitted from the process while empty containers are being rinsed and cleaned""; EPA suggests using the EPA/OPPT Penetration Model for estimating releases to air from containers cleaned indoors.",,3.65000000e+02,0,1,Output 1,Output 2,Air (per ESD),2,98
1,0,218,7,2.15276913e-03,4.30553826e-03,7.85760760e-01,1.57152152e+00,2.2E-3,4.3E-3,7.9E-1,1.6E+0,3.65000000e+02,,,,,,,,"EPA/OAQPS AP-42 Loading Model. Per the ESD for the Formulation of Adhesives, ""if the chemical is volatile (e.g., the vapor pressure is > 0.001 torr), releases to air may occur from the displacement of saturated air when the chemical is transferred""; EPA suggests using the EPA/OAQPS AP-42 Loading Model to estimate releases for transfer operations. ",,3.65000000e+02,1,1,Typical,Worst Case,Air (per ESD),2,98
2,0,219,9,2.57620668e-05,2.06096534e-04,9.40315425e-03,7.52252340e-02,2.6E-5,2.1E-4,9.4E-3,7.5E-2,3.65000000e+02,,,,,,,,"EPA/OPPT Penetration Model. Per the ESD for the Formulation of Adhesives, ""if the chemical is volatile (e.g., the vapor pressure is > 0.001 torr) at the operating temperature, chemicals may volatilize and be emitted from the process during mixing"";  EPA suggests using the EPA/OPPT Penetration Model for estimating releases to air from open vessels and process vents. ",,3.65000000e+02,1,1,Typical,Worst Case,Air (per ESD),2,98
3,0,220,9,2.57620668e-05,2.06096534e-04,9.40315425e-03,7.52252340e-02,2.6E-5,2.1E-4,9.4E-3,7.5E-2,3.65000000e+02,,,,,,,,"EPA/OPPT Penetration Model. Per the ESD for the Formulation of Adhesives, ""if the chemical is volatile (e.g., the vapor pressure is > 0.001 torr), it may volatilize and be emitted from the process during product QA/QC sampling activities""; EPA suggests using the EPA/OPPT Penetration Model to estimate releases to air from sampling activities performed indoors.",,3.65000000e+02,1,1,Typical,Worst Case,Air (per ESD),2,98
4,0,221,3,0.00000000e+00,8.00000000e+01,0.00000000e+00,2.92000000e+04,0.0E+0,8.0E+1,0.0E+0,2.9E+4,0.00000000e+00,,,,,,,,"EPA/OPPT Multiple Process Vessel Residual Model, CEB standard 2% residual. Per the ESD for the Formulation of Adhesives, EPA assumes that the amount of residual adhesive chemical remaining in the process equipment may be estimated using the EPA/OPPT Multiple Process Vessel Residual Model, which may be released to water, incineration, or landfill. ",,3.65000000e+02,0,1,Conservative,Conservative,"water, incineration, or landfill (per ESD)",2,98
4,1,222,9,0.00000000e+00,2.30044797e-02,0.00000000e+00,8.39663506e+00,0.0E+0,2.3E-2,0.0E+0,8.4E+0,0.00000000e+00,,,,,,,,"EPA/OPPT Penetration Model. Per the ESD for the Formulation of Adhesives, ""if the chemical is volatile (e.g., the vapor pressure is > 0.001 torr) it may be released to the air""; therefore, EPA suggests using the EPA/OPPT Penetration Model to estimate releases to air as this operation is likely to occur indoors.",,3.65000000e+02,0,1,Output 1,Output 2,Air (per ESD),2,98
5,0,223,7,2.53266934e-03,5.06533869e-03,9.24424291e-01,1.84884858e+00,2.5E-3,5.1E-3,9.2E-1,1.8E+0,3.65000000e+02,,,,,,,,"EPA/OAQPS AP-42 Loading Model. Per the ESD for the Formulation of Adhesives, ""if the chemical is volatile (e.g., the vapor pressure is > 0.001 torr) at the operating temperature, chemicals may volatilze and be emitted during adhesive product transfer (e.g., drumming) operations""; EPA suggests using the EPA/OAQPS AP-42 Loading Model to estimate releases for transfer operations.",,3.65000000e+02,1,1,Typical,Worst Case,Air (per ESD),2,98
0,0,224,2,0.00000000e+00,1.50000010e+01,0.00000000e+00,3.00000020e+04,0.0E+0,1.5E+1,0.0E+0,3.0E+4,0.00000000e+00,,,,,,,,"EPA/OPPT Drum Residual Model, CEB standard 3% residual. Per the ESD for the Formulation of Radiation Curable Coatings, Inks, and Adhesives, EPA recommends assuming a default transportation container size of 55-gallon drums; therefore, the EPA/OPPT Drum Residual Model may be used to estimate this release. Container cleaning may involve organic and water wash, which could be released to water, incineration, or landfill, per ESD.",,2.50000000e+02,0,1,Central Tendency,High End,"water, incineration, or landfill (per ESD)",2,99
2,0,225,4,0.00000000e+00,5.19999981e+00,0.00000000e+00,1.04000000e+04,0.0E+0,5.2E+0,0.0E+0,1.0E+4,0.00000000e+00,,,,,,,,"EPA/OPPT Single Vessel Residual Model, CEB standard 1% residual. Per the ESD on the Formulation of Radiation Curable Coatings, Inks, and Adhesives, EPA assumes that the amount of residual radiation curable chemical remaining in the process equipment may be estimated using the EPA/OPPT Single Process Vessel Residual Model. EPA assumes these residues are typically released to landfill or incineration. ",,2.50000000e+02,0,1,High End to Bounding,Conservative,incineration or landfill (per ESD),2,99
0,0,226,4,0.00000000e+00,5.19999981e+00,0.00000000e+00,1.04000000e+04,0.0E+0,5.2E+0,0.0E+0,1.0E+4,0.00000000e+00,,,,,,,,"EPA/OPPT Single Vessel Residual Model, CEB standard 1% residual. Per the ESD on the Formulation of Radiation Curable Coatings, Inks, and Adhesives, EPA assumes that the amount of residual radiation curable chemical remaining in the process equipment may be estimated using the EPA/OPPT Single Process Vessel Residual Model. EPA assumes these residues are typically released to landfill or incineration. ",,2.50000000e+02,0,1,High End to Bounding,Conservative,incineration or landfill (per ESD),2,100
2,0,227,53,0.00000000e+00,2.50000000e+00,0.00000000e+00,5.00000000e+03,0.0E+0,2.5E+0,0.0E+0,5.0E+3,0.00000000e+00,,,,,,,,"EPA/OPPT Solids Transfer Dust Loss Model. No dust controls are assumed as a worst case. Per the ESD on the Formulation of Radiation Curable Coatings, Inks, and Adhesives, ""for solid radiation curable components, dust generation is expected from transfer operations""; therefore, the EPA/OPPT Dust Emissions from Transferring Solids Model may be used to estimate dust releases. This model assumes that up to 0.5% of the transferred quantity may be released to the environment; dusts are either collected on filter or cleaned from workspace surfaces and are expected to be released to water, air, incineration, or landfill.",,2.50000000e+02,0,1,Conservative,Conservative,"water, air, incineration, or landfill (per ESD)",2,100
3,0,228,6,0.00000000e+00,5.00000000e+00,0.00000000e+00,1.00000000e+04,0.0E+0,5.0E+0,0.0E+0,1.0E+4,0.00000000e+00,,,,,,,,"EPA/OPPT Solid Residuals in Transport Containers Model, CEB standard 1% residual. Per ESD on the Formulation of Radiation Curable Coatings, Inks, and Adhesives, EPA suggests using engineering judgement to determine if a container size other than the standard default of 55-gallon drums for liquids is more appropriate; for a solid component, a 50-pound bag may be more appropriate. The EPA/OPPT Solid Residuals in Transport Containers Model may be used to estimate this release. Container cleaning may involve an organic and water wash, which could be released to water, incineration, or landfill.",,2.50000000e+02,0,1,Output 1,Output 2,"water, incineration, or landfill (per ESD)",2,100
0,0,229,2,0.00000000e+00,1.50000010e+01,0.00000000e+00,3.00000020e+04,0.0E+0,1.5E+1,0.0E+0,3.0E+4,0.00000000e+00,,,,,,,,"EPA/OPPT Drum Residual Model, CEB standard 3% residual. Per the ESD for the Formulation of Radiation Curable Coatings, Inks, and Adhesives, EPA recommends assuming a default transportation container size of 55-gallon drums; therefore, the EPA/OPPT Drum Residual Model may be used to estimate this release. Container cleaning may involve organic and water wash, which could be released to water, incineration, or landfill, per ESD.",,2.50000000e+02,0,1,Central Tendency,High End,"water, incineration, or landfill (per ESD)",2,101
0,1,230,9,0.00000000e+00,8.96143774e-06,0.00000000e+00,1.79228764e-02,0.0E+0,9.0E-6,0.0E+0,1.8E-2,0.00000000e+00,,,,,,,,"EPA/OPPT Penetration Model. Per the ESD for the Formulation of Radiation Curable Coatings, Inks, and Adhesives, ""if the chemical is volatile (e.g., the vapor pressure is > 0.001 torr), it may volatilize and be emitted from the process while empty containers are being rinsed and cleaned""; EPA suggests using the EPA/OPPT Penetration Model for estimating releases to air from containers cleaned indoors. ",,2.50000000e+02,0,1,Output 1,Output 2,Air (per ESD),2,101
1,0,231,7,2.69096141e-04,5.38192282e-04,5.38192272e-01,1.07638454e+00,2.7E-4,5.4E-4,5.4E-1,1.1E+0,2.50000000e+02,,,,,,,,"EPA/OAQPS AP-42 Loading Model. Per the ESD for the Formulation of Radiation Curable Coatings, Inks, and Adhesives, ""if the chemical is volatile (e.g., the vapor pressure is > 0.001 torr), releases to air may occur from the displacement of saturated air when the chemical is transferred""; EPA suggests using the EPA/OAQPS AP-42 Loading Model to estimate releases from transfer operations. ",,2.50000000e+02,1,1,Typical,Worst Case,Air (per ESD),2,101
2,0,232,9,2.57620668e-05,2.06096534e-04,5.15241325e-02,4.12193060e-01,2.6E-5,2.1E-4,5.2E-2,4.1E-1,2.50000000e+02,,,,,,,,"EPA/OPPT Penetration Model. Per the ESD for the Formulation of Radiation Curable Coatings, Inks, and Adhesives, ""if the chemical is volatile (e.g., the vapor pressure is > 0.001 torr) at the operating temperature, chemicals may volatilize and be emitted from the process during mixing""; EPA suggests using the EPA/OPPT Penetration Model for estimating releases to air from open vessels and process vents. ",,2.50000000e+02,1,1,Typical,Worst Case,Air (per ESD),2,101
3,0,233,9,2.57620668e-05,2.06096534e-04,5.15241325e-02,4.12193060e-01,2.6E-5,2.1E-4,5.2E-2,4.1E-1,2.50000000e+02,,,,,,,,"EPA/OPPT Penetration Model. Per the ESD for the Formulation of Radiation Curable Coatings, Inks, and Adhesives, ""if the chemical is volatile (e.g., the vapor pressure is > 0.001 torr), it may volatilize and be emitted from the process during product QA/QC sampling activities""; EPA suggests using the EPA/OPPT Penetration Model to estimate releases to air from sampling activities performed indoors. ",,2.50000000e+02,1,1,Typical,Worst Case,Air (per ESD),2,101
4,0,234,4,0.00000000e+00,5.19999981e+00,0.00000000e+00,1.04000000e+04,0.0E+0,5.2E+0,0.0E+0,1.0E+4,0.00000000e+00,,,,,,,,"EPA/OPPT Single Vessel Residual Model, CEB standard 1% residual. Per the ESD on the Formulation of Radiation Curable Coatings, Inks, and Adhesives, EPA assumes that the amount of residual radiation curable chemical remaining in the process equipment may be estimated using the EPA/OPPT Single Process Vessel Residual Model. EPA assumes these residues are typically released to landfill or incineration. ",,2.50000000e+02,0,1,High End to Bounding,Conservative,incineration or landfill (per ESD),2,101
4,1,235,9,0.00000000e+00,5.75111993e-03,0.00000000e+00,1.15022402e+01,0.0E+0,5.8E-3,0.0E+0,1.2E+1,0.00000000e+00,,,,,,,,"EPA/OPPT Penetration Model. Per the ESD on Radiation Curable Coatings, Inks, and Adhesives, ""if the chemical is volatile (e.g., the vapor pressure is > 0.001 torr) it may be released to the air during equipment cleaning""; therefore, EPA suggests using the EPA/OPPT Penetration Model to estimate releases to air as this operation is likely to occur indoors.",,2.50000000e+02,0,1,Output 1,Output 2,Air (per ESD),2,101
5,0,236,9,0.00000000e+00,9.08696465e-03,0.00000000e+00,1.81739292e+01,0.0E+0,9.1E-3,0.0E+0,1.8E+1,0.00000000e+00,,,,,,,,"EPA/OPPT Penetration Model. Per the ESD for the Formulation of Radiation Curable Coatings, Inks, and Adhesives, ""if the chemical is volatile (e.g., the vapor pressure is > 0.001 torr) it may be released to air""; therefore, EPA suggests using the EPA/OPPT Penetration Model to estimate releases of volatile chemicals during filter media change out as this operation is likely to occur indoors. ",,2.50000000e+02,0,1,Output 1,Output 2,Air (per ESD),2,101
6,0,237,7,3.84423038e-04,7.68846076e-04,7.68846095e-01,1.53769219e+00,3.8E-4,7.7E-4,7.7E-1,1.5E+0,2.50000000e+02,,,,,,,,"EPA/OAQPS AP-42 Loading Model. Per the ESD for the Formulation of Radiation Curable Coatings, Inks, and Adhesives, ""if the chemical is volatile (e.g., the vapor pressure is > 0.001 torr) at the operating temperature, chemicals may volatilize and be emitted during adhesive product transfer (e.g., filling drums) operations""; EPA suggests using the EPA/OAQPS AP-42 Loading Model to estimate releases for transfer operations. ",,2.50000000e+02,1,1,Typical,Worst Case,Air (per ESD),2,101
1,0,238,2,0.00000000e+00,1.67597763e+02,0.00000000e+00,1.50000000e+05,0.0E+0,1.7E+2,0.0E+0,1.5E+5,0.00000000e+00,,,,,,,,"EPA/OPPT Drum Residual Model, CEB standard 3% residual. The GS indicates that waterborne coating formulators typically rinse transport containers with water and recycle the rinse water into subsequent coating formulations or send the wastes to an onsite water treatment system, then to a POTW and landfill. Empty bags and sacks that contained solid raw materials may also be sent to an off-site landfill or incinerator. ",,1.79000000e+02,0,1,Central Tendency,High End,water or landfill (per GS),2,102
2,0,239,3,0.00000000e+00,1.05629997e+02,0.00000000e+00,9.45388438e+04,0.0E+0,1.1E+2,0.0E+0,9.5E+4,0.00000000e+00,,,,,,,,"EPA/OPPT Multiple Process Vessel Residual Model, CEB standard 2% residual. The GS recommends using the EPA/OPPT Multiple Process Vessel Residual Model to estimate releases from equipment cleaning. Equipment cleaning wastes may be recycled into subsequent batches or sent to an on-site wastewater treatment system to be treated prior to disposal to a POTW.",,1.79000000e+02,0,1,Conservative,Conservative,"water, incineration, or landfill (per GS)",2,102
1,0,280,2,0.00000000e+00,2.18583751e+00,0.00000000e+00,2.96100006e+01,0.0E+0,2.2E+0,0.0E+0,3.0E+1,0.00000000e+00,,,,,,,,"EPA/OPPT Drum Residual Model, CEB standard 3% residual. The ESD indicates that metalworking fluids can be transported in containers of various sizes. The default transportation container size of a 55-gallon drum should be used in the absence of site-specific information. The media of release for container residues from metal shaping operations is not known; therefore, the entire release from container residue is assessed to each of water, incineration, or landfill by default.",,1.40000000e+01,0,1,Central Tendency,High End,"water, incineration, or landfill (per ESD)",2,110
2,0,281,39,0.00000000e+00,4.26479906e-01,0.00000000e+00,1.05340538e+02,0.0E+0,4.3E-1,0.0E+0,1.1E+2,0.00000000e+00,,,,,,,,"User-Defined Loss Rate Model. Per the ESD, metalworking fluid remains on the part after shaping and is typically removed during an intermediate washing step. The amount released to water is estimated using the following loss fraction (LF) = (1- Container Residue LF) x Fraction of chemical lost from dragout = (1-0.03) x 0.11 (default) = 0.1067.",,2.47000000e+02,0,1,Output 1,Output 2,water (on-site treatment or POTW) (per ESD),2,110
3,0,282,39,0.00000000e+00,1.39575243e+00,0.00000000e+00,3.44750854e+02,0.0E+0,1.4E+0,0.0E+0,3.4E+2,0.00000000e+00,,,,,,,,"User-Defined Loss Rate Model. Per the ESD, the metalworking fluid becomes contaminated with tramp oils and metal fines during use. Filtering and recycling operations can be used to extend the fluid life, which results in a percentage of lost MW fluid. The media of release for these wastes varies by site. Per the ESD, the default media of release for filtration and recycling wastes should be water, incineration, or landfill for water-based metalworking fluids and incineration or landfill for straight oils. The amount released to uncertain media is estimated using the following loss fraction (LF) = (1- Container Residue LF) x Fraction of chemical lost during filtration and other recycling operations =  (1-0.03) x 0.36 (default) = 0.3492.",,2.47000000e+02,0,1,Output 1,Output 2,"water, incineration, or landfill (water-based metalworking fluids); incineration or landfill (straight oils) (per ESD)",2,110
4,0,283,39,0.00000000e+00,2.05485773e+00,0.00000000e+00,5.07549866e+02,0.0E+0,2.1E+0,0.0E+0,5.1E+2,0.00000000e+00,,,,,,,,"User-Defined Loss Rate Model. Per the ESD, the MW fluid will eventually degrade or spoil and be disposed. The default media of release for spent metalworking fluids is discharge to POTW for water-based metalworking fluids and incineration for straight oils. The amount released is estimated using the following loss fraction (LF) = (1- Container Residue LF) x (1 - Fraction of chemical lost during dragout - Fraction of chemical lost during filtration and other recycling operations) = (1 - 0.03) x (1 - 0.11 - 0.36) = 0.5141.",,2.47000000e+02,0,1,Output 1,Output 2,on-site treatment or POTW (water-based) or incineration (straight oil) (per ESD),2,110
0,0,284,5,0.00000000e+00,8.33333358e-02,0.00000000e+00,6.00000000e+01,0.0E+0,8.3E-2,0.0E+0,6.0E+1,0.00000000e+00,,,,,,,,"EPA/OPPT Small Container Residual Model, CEB standard 0.6% residual. Per the ESD for Photoresist Use in Semiconductor Manufacturing, ""EPA suggests using a default container size of 1-gallon bottles in the absence of site-specific information; therefore, the EPA/OPPT Small Container Residual Model may be used to estimate this release."" Additionally, the media of release for this source is uncertain; EPA assumes that disposal may be to water, land, or incineration. ",,3.60000000e+02,0,1,Central Tendency,High End,"water, incineration, or landfill (per ESD)",2,111
1,0,285,39,0.00000000e+00,1.43135995e-01,0.00000000e+00,1.03057915e+02,0.0E+0,1.4E-1,0.0E+0,1.0E+2,0.00000000e+00,,,,,,,,"User-Defined Loss Rate Model. Per the ESD for Photoresist Use in Semiconductor Manufacturing, EPA assumes that the amount of residual photoresist chemical remaining in the application equipment (e.g., spin-coat apparatus, supply line filter) may be estimated using the EPA/OPPT Single Process Vessel Residual Model, which may be released to incineration or landfill (via cleaning with solvent). As a conservative estimate, daily equipment cleaning is assumed. Accounting for upstream releases (container cleaning), LF = (1-0.006) x (0.01) = 0.00994.",,3.60000000e+02,0,1,Output 1,Output 2,incineration or landfill (per ESD),2,111
2,0,286,39,0.00000000e+00,1.31759996e+01,0.00000000e+00,9.48671973e+03,0.0E+0,1.3E+1,0.0E+0,9.5E+3,0.00000000e+00,,,,,,,,"User-Defined Loss Rate Model. Per the ESD on Photoresist Use in Semiconductor Manufacturing, excess photoresist from the application process is collected from the enclosure and disposed of, typically by incineration. An estimated one to seven percent of dispensed photoresist containing the chemical of interest may remain on the wafer. As a conservative estimate for water releases, EPA recommends assuming that up to seven percent of the dispensed photoresist remains on the wafer (wastes from developing, etching, and stripping are more likely released to water). // Note: Some of this excess photoresist remains in the equipment and is disposed of as cleaning residue, which is excluded from the amount of collected excess photoresist. Therefore the loss fraction (LF) is calculated: LF = (1-mass fraction of loss from container cleaning)(1-mass fraction of loss from equipment cleaning) x (1-mass fraction of photoresist adhering to the wafer) = (1-0.006) x (1-0.01) x (1-0.07) = 0.915",,3.60000000e+02,0,1,Output 1,Output 2,incineration (per ESD),2,111
3,0,287,39,0.00000000e+00,4.95360017e-01,0.00000000e+00,3.56659210e+02,0.0E+0,5.0E-1,0.0E+0,3.6E+2,0.00000000e+00,,,,,,,,"User-Defined Loss Rate Model. Per the ESD on Photoresist Use in Semiconductor Manufacturing, waste developer solution containing the removed photoresist is expected to be released to water. EPA estimates that 50 percent of the photoresist that adhered to the wafer surface, which was subsequently baked and exposed to light or other energy source, is removed in the development process. // Note: Some of the photoresist remains in the equipment and is disposed of as cleaning residue, which is excluded from the amount of developer waste. Therefore the loss fraction (LF) is calculated: LF = (1-mass fraction of loss from container cleaning)(1-mass fraction of loss from equipment cleaning) x (mass fraction of photoresist adhering to the wafer) x (mass fraction of photoresist removed in development) = (1-0.006) x (1-0.01) x 0.07 x 0.50 = 0.0344",,3.60000000e+02,0,1,Output 1,Output 2,water (per ESD),2,111
4,0,288,39,0.00000000e+00,4.95360017e-01,0.00000000e+00,3.56659210e+02,0.0E+0,5.0E-1,0.0E+0,3.6E+2,0.00000000e+00,,,,,,,,"User-Defined Loss Rate Model. Per the ESD on Photoresist Use in Semiconductor Manufacturing, etching and stripping solutions containing spent photoresist that contain the chemical of interest are typically released to waste water treatment or recycled. EPA estimates that 50 percent of the photoresist that adhered to the wafer surface was removed in the development process, and the remainder is removed during the etching and stripping process (50 percent). // Note: Some of the photoresist remains in the equipment and is disposed of as cleaning residue, which is excluded from the amount of developer waste. Therefore the loss fraction (LF) is calculated: LF = (1-mass fraction of loss from container cleaning) x (1-mass fraction of loss from equipment cleaning) x (mass fraction of photoresist adhering to the wafer) x (1-mass fraction of photoresist removed in development) = (1-0.006) x (1-0.01) x 0.07 x (1-0.50) = 0.0344.",,3.60000000e+02,0,1,Output 1,Output 2,water (per ESD),2,111
0,0,289,39,0.00000000e+00,2.04750004e+01,0.00000000e+00,2.99999719e+05,0.0E+0,2.0E+1,0.0E+0,3.0E+5,0.00000000e+00,,,,,,,,"User-Defined Loss Rate Model. Per the ESD for the Use of Textile Dyes, EPA recommends that all aqueous wastes are discharged to POTW prior to discharge to surface waters. For an unknown type of dye and dye process, EPA recommends using a default fixation rate of 70%. Loss fraction = 100% - 70% fixation = 30% released to POTW.",,1.48000000e+02,0,1,Output 1,Output 2,POTW (per ESD),2,112
1,0,290,4,0.00000000e+00,6.82500005e-01,0.00000000e+00,9.99999023e+03,0.0E+0,6.8E-1,0.0E+0,10.0E+3,0.00000000e+00,,,,,,,,"EPA/OPPT Single Vessel Residual Model, CEB standard 1% residual. Per the ESD for the Use of Textile Dyes, equipment used to dye textiles may contain residues that need to be rinsed before starting a new batch. The amount of residual may be estimated using the EPA/OPPT Single Process Vessel Residual Model. The releases are assumed to be released to POTW with the spent dyebath.",,1.48000000e+02,0,1,High End to Bounding,Conservative,POTW (per ESD),2,112
3,0,291,2,0.00000000e+00,2.04750204e+00,0.00000000e+00,3.00000000e+04,0.0E+0,2.0E+0,0.0E+0,3.0E+4,0.00000000e+00,,,,,,,,"EPA/OPPT Drum Residual Model, CEB standard 3% residual. Per ESD on the Use of Textile Dyes, EPA suggests using the EPA/OPPT Drum Residual Model to estimate this release. Because media of release are facility-dependent, EPA recommends assessing release to water, incineration, or landfill. ",,1.48000000e+02,0,1,Central Tendency,High End,"POTW, incineration, or landfill (per ESD)",2,112
0,0,292,6,0.00000000e+00,1.02375102e+00,0.00000000e+00,1.00000000e+04,0.0E+0,1.0E+0,0.0E+0,1.0E+4,0.00000000e+00,,,,,,,,"EPA/OPPT Solid Residuals in Transport Containers Model, CEB standard 1% residual. Per ESD on the Use of Textile Dyes, EPA suggests using the EPA/OPPT Solid Residuals in Transport Containers Model to estimate this release. Because media of release are facility-dependent, EPA recommends assessing release to water, incineration, or landfill. ",,1.48000000e+02,0,1,Output 1,Output 2,"POTW, incineration, or landfill (per ESD)",2,113
1,0,293,39,0.00000000e+00,5.11875510e-01,0.00000000e+00,5.00000000e+03,0.0E+0,5.1E-1,0.0E+0,5.0E+3,0.00000000e+00,,,,,,,,"User-Defined Loss Rate Model. Per the ESD on the Use of Textile Dyes, the EPA/OPPT Dust Emissions from Transferring Solids Model may be used to estimate dust releases. This model assumes that up to 0.5% of the transferred quantity may be released to the environment; dusts are either collected on filter or cleaned from workspace surfaces and are expected to be released to water, air, incineration, or landfill. ",,1.48000000e+02,0,1,Output 1,Output 2,"POTW, air, incineration, or landfill (per ESD)",2,113
2,0,294,39,0.00000000e+00,3.07140007e+01,0.00000000e+00,3.00014344e+05,0.0E+0,3.1E+1,0.0E+0,3.0E+5,0.00000000e+00,,,,,,,,"User-Defined Loss Rate Model. Per the ESD for the Use of Textile Dyes, EPA recommends that all aqueous wastes are discharged to POTW prior to discharge to surface waters. For an unknown type of dye and dye process, EPA recommends using a default fixation rate of 70%. Loss fraction = 100% - 70% fixation = 30% released to POTW.",,1.48000000e+02,0,1,Output 1,Output 2,POTW (per ESD),2,113
3,0,295,4,0.00000000e+00,1.02379990e+00,0.00000000e+00,1.00004775e+04,0.0E+0,1.0E+0,0.0E+0,1.0E+4,0.00000000e+00,,,,,,,,"EPA/OPPT Single Vessel Residual Model, CEB standard 1% residual. Per the ESD for the Use of Textile Dyes, equipment used to dye textiles may contain residues that need to be rinsed before starting a new batch. The amount of residual may be estimated using the EPA/OPPT Single Process Vessel Residual Model. The releases are assumed to be released to POTW with the spent dyebath.",,1.48000000e+02,0,1,High End to Bounding,Conservative,POTW (per ESD),2,113
3,0,240,39,0.00000000e+00,1.05629992e+00,0.00000000e+00,9.45388428e+02,0.0E+0,1.1E+0,0.0E+0,9.5E+2,0.00000000e+00,,,,,,,,"User-Defined Loss Rate Model. Per the GS, as a conservative estimate, a loss fraction of 0.02 percent released to incineration of landfill should be assumed from disposal of filter wastes. ",,1.79000000e+02,0,1,Output 1,Output 2,incineration or landfill (per GS),2,102
5,0,241,39,0.00000000e+00,1.76050000e+03,0.00000000e+00,6.16175000e+04,0.0E+0,1.8E+3,0.0E+0,6.2E+4,0.00000000e+00,,,,,,,,"User-Defined Loss Rate Model. The GS estimates as a conservative estimate that 1.2% of the PV is released to water, incineration, or landfill from the disposal of off-spec waste. The GS also indicates that off-spec product waste does not generally result in a small daily release, but a large infrequent release. The number of release days is estimated to be = (537 batches/yr)(0.012 off spec)/(1 off-spec batch/day) = 6.4 = ~7 days/yr. ",,7.00000000e+00,0,1,Output 1,Output 2,"water, incineration, or landfill (per GS)",2,102
0,0,242,3,0.00000000e+00,1.35809998e+02,0.00000000e+00,9.72399609e+04,0.0E+0,1.4E+2,0.0E+0,9.7E+4,0.00000000e+00,,,,,,,,"EPA/OPPT Multiple Process Vessel Residual Model, CEB standard 2% residual. The GS recommends using the EPA/OPPT Multiple Process Vessel Residual Model to estimate releases from equipment cleaning. Equipment cleaning wastes may be recycled into subsequent batches or sent to an on-site wastewater treatment system to be treated prior to disposal to a POTW.",,1.79000000e+02,0,1,Conservative,Conservative,"water, incineration, or landfill (per GS)",2,103
1,0,243,39,0.00000000e+00,1.35809994e+00,0.00000000e+00,9.72399536e+02,0.0E+0,1.4E+0,0.0E+0,9.7E+2,0.00000000e+00,,,,,,,,"User-Defined Loss Rate Model. Per the GS, as a conservative estimate, a loss fraction of 0.02 percent released to incineration of landfill should be assumed from disposal of filter wastes. ",,1.79000000e+02,0,1,Output 1,Output 2,incineration or landfill (per GS),2,103
3,0,244,39,0.00000000e+00,2.26350000e+03,0.00000000e+00,6.33780000e+04,0.0E+0,2.3E+3,0.0E+0,6.3E+4,0.00000000e+00,,,,,,,,"User-Defined Loss Rate Model. The GS estimates as a conservative estimate that 1.2% of the PV is released to water, incineration, or landfill from the disposal of off-spec waste. The GS also indicates that off-spec product waste does not generally result in a small daily release, but a large infrequent release. The number of release days is estimated to be = (537 batches/yr)(0.012 off spec)/(1 off-spec batch/day) = 6.4 = ~7 days/yr. ",,7.00000000e+00,0,1,Output 1,Output 2,"water, incineration, or landfill (per GS)",2,103
4,0,245,53,0.00000000e+00,3.49161987e+01,0.00000000e+00,2.49999980e+04,0.0E+0,3.5E+1,0.0E+0,2.5E+4,0.00000000e+00,,,,,,,,EPA/OPPT Solids Transfer Dust Loss Model. The GS recommends estimating transfer releases using the EPA/OPPT Solids Transfer Dust Loss Model. No dust controls are assumed as a worst case. ,,1.79000000e+02,0,1,Conservative,Conservative,"water, air, incineration, or landfill (per GS",2,103
5,0,246,6,0.00000000e+00,6.98323975e+01,0.00000000e+00,4.99999961e+04,0.0E+0,7.0E+1,0.0E+0,5.0E+4,0.00000000e+00,,,,,,,,"EPA/OPPT Solid Residuals in Transport Containers Model, CEB standard 1% residual. The GS indicates that waterborne coating formulators typically rinse transport containers with water and recycle the rinse water into subsequent coating formulations or send the wastes to an onsite water treatment system, then to a POTW and landfill. Empty bags and sacks that contained solid raw materials may also be sent to an off-site landfill or incinerator. ",,1.79000000e+02,0,1,Output 1,Output 2,"water, incineration, or landfill (per GS)",2,103
0,0,247,7,3.00658867e-03,6.01317734e-03,2.69089675e+00,5.38179350e+00,3.0E-3,6.0E-3,2.7E+0,5.4E+0,1.79000000e+02,,,,,,,,EPA/OAQPS AP-42 Loading Model. The GS recommends that the EPA/OAQPS AP-42 Loading Model be used to estimate air releases during unloading operations. ,,1.79000000e+02,1,1,Typical,Worst Case,air (per GS),2,104
1,0,248,2,0.00000000e+00,1.67597763e+02,0.00000000e+00,1.50000000e+05,0.0E+0,1.7E+2,0.0E+0,1.5E+5,0.00000000e+00,,,,,,,,"EPA/OPPT Drum Residual Model, CEB standard 3% residual. The GS indicates that waterborne coating formulators typically rinse transport containers with water and recycle the rinse water into subsequent coating formulations or send the wastes to an onsite water treatment system, then to a POTW and landfill. Empty bags and sacks that contained solid raw materials may also be sent to an off-site landfill or incinerator. ",,1.79000000e+02,0,1,Central Tendency,High End,water or landfill (per GS),2,104
1,1,249,9,0.00000000e+00,1.00127792e-04,0.00000000e+00,8.96143764e-02,0.0E+0,1.0E-4,0.0E+0,9.0E-2,0.00000000e+00,,,,,,,,EPA/OPPT Penetration Model. The GS recommends that the EPA/OPPT Penetration Model be used to estimate air releases during container cleaning operations. ,,1.79000000e+02,0,1,Output 1,Output 2,air (per GS),2,104
2,0,250,9,2.57620668e-05,2.06096534e-04,2.30570491e-02,1.84456393e-01,2.6E-5,2.1E-4,2.3E-2,1.8E-1,1.79000000e+02,,,,,,,,EPA/OPPT Penetration Model. The GS recommends that the EPA/OPPT Penetration Model be used to estimate air releases from open vessels during dispersion and blending operations. ,,1.79000000e+02,1,1,Typical,Worst Case,air (per GS),2,104
3,0,251,3,0.00000000e+00,1.05629997e+02,0.00000000e+00,9.45388438e+04,0.0E+0,1.1E+2,0.0E+0,9.5E+4,0.00000000e+00,,,,,,,,"EPA/OPPT Multiple Process Vessel Residual Model, CEB standard 2% residual. The GS recommends using the EPA/OPPT Multiple Process Vessel Residual Model to estimate releases from equipment cleaning. Equipment cleaning wastes may be recycled into subsequent batches or sent to an on-site wastewater treatment system to be treated prior to disposal to a POTW.",,1.79000000e+02,0,1,Conservative,Conservative,"water, incineration, or landfill (per GS)",2,104
3,1,252,9,0.00000000e+00,2.30044797e-02,0.00000000e+00,2.05890102e+01,0.0E+0,2.3E-2,0.0E+0,2.1E+1,0.00000000e+00,,,,,,,,EPA/OPPT Penetration Model. The GS recommends that the EPA/OPPT Penetration Model be used to estimate air releases from indoor equipment cleaning operations.,,1.79000000e+02,0,1,Output 1,Output 2,air (per GS),2,104
4,0,253,9,0.00000000e+00,9.46558866e-05,0.00000000e+00,8.47170204e-02,0.0E+0,9.5E-5,0.0E+0,8.5E-2,0.00000000e+00,,,,,,,,EPA/OPPT Penetration Model. The GS recommends that the EPA/OPPT Penetration Model be used to estimate air releases from filter media changeout.,,1.79000000e+02,0,1,Typical,GS Estimate,air (per GS),2,104
4,1,254,39,0.00000000e+00,1.05629992e+00,0.00000000e+00,9.45388428e+02,0.0E+0,1.1E+0,0.0E+0,9.5E+2,0.00000000e+00,,,,,,,,"User-Defined Loss Rate Model. Per the GS, as a conservative estimate, a loss fraction of 0.02 percent released to incineration of landfill should be assumed from disposal of filter wastes. ",,1.79000000e+02,0,1,Output 1,Output 2,incineration or landfill (per GS),2,104
5,0,255,7,8.59045889e-03,1.71809178e-02,7.68846083e+00,1.53769217e+01,8.6E-3,1.7E-2,7.7E+0,1.5E+1,1.79000000e+02,,,,,,,,EPA/OAQPS AP-42 Loading Model. The GS recommends using the EPA/OAQPS AP-42 Loading Model to estimate releases to air during packaging operations. ,,1.79000000e+02,1,1,Typical,Worst Case,air (per GS),2,104
6,0,256,39,0.00000000e+00,1.76050000e+03,0.00000000e+00,6.16175000e+04,0.0E+0,1.8E+3,0.0E+0,6.2E+4,0.00000000e+00,,,,,,,,"User-Defined Loss Rate Model. The GS estimates as a conservative estimate that 1.2% of the PV is released to water, incineration, or landfill from the disposal of off-spec waste. The GS also indicates that off-spec product waste does not generally result in a small daily release, but a large infrequent release. The number of release days is estimated to be = (537 batches/yr)(0.012 off spec)/(1 off-spec batch/day) = 6.4 = ~7 days/yr. ",,7.00000000e+00,0,1,Output 1,Output 2,"water, incineration, or landfill (per GS)",2,104
7,0,257,9,2.57620668e-05,2.06096534e-04,2.30570491e-02,1.84456393e-01,2.6E-5,2.1E-4,2.3E-2,1.8E-1,1.79000000e+02,,,,,,,,EPA/OPPT Penetration Model. The GS recommends that the EPA/OPPT Penetration Model be used to estimate air releases from indoor sampling operations.,,1.79000000e+02,1,1,Typical,Worst Case,air (per GS),2,104
0,0,258,3,0.00000000e+00,1.95870987e+02,0.00000000e+00,2.00767762e+06,0.0E+0,2.0E+2,0.0E+0,2.0E+6,0.00000000e+00,,,,,,,,"EPA/OPPT Multiple Process Vessel Residual Model, CEB standard 2% residual. The GS estimates 2% release from cleaning of compounding equipment to water. This release includes cooling water used during compounding and equipment cleaning water.",,2.50000000e+02,0,1,Conservative,Conservative,water (per GS),2,105
1,0,259,39,0.00000000e+00,4.89677525e+00,0.00000000e+00,5.01919453e+04,0.0E+0,4.9E+0,0.0E+0,5.0E+4,0.00000000e+00,,,,,,,,"User-Defined Loss Rate Model. The GS estimates 0.05% of the LVE may be volatilized at high temperatures, with 50% released to air and 50% released to water. ",,2.50000000e+02,0,1,Output 1,Output 2,water (50%) or air (50%) (per GS),2,105
3,0,260,2,0.00000000e+00,2.92682922e+02,0.00000000e+00,3.00000000e+06,0.0E+0,2.9E+2,0.0E+0,3.0E+6,0.00000000e+00,,,,,,,,"EPA/OPPT Drum Residual Model, CEB standard 3% residual. The GS estimates release to uncertain media. ",,2.50000000e+02,0,1,Central Tendency,High End,"water, incineration, or landfill (per GS)",2,105
1,0,261,6,0.00000000e+00,9.75609741e+01,0.00000000e+00,1.00000000e+06,0.0E+0,9.8E+1,0.0E+0,1.0E+6,0.00000000e+00,,,,,,,,"EPA/OPPT Solid Residuals in Transport Containers Model, CEB standard 1% residual. The GS estimates release to uncertain media. ",,2.50000000e+02,0,1,Output 1,Output 2,uncertain (per GS),2,106
2,0,262,39,2.05664539e+01,6.36580734e+01,2.10806156e+05,6.52495250e+05,2.1E+1,6.4E+1,2.1E+5,6.5E+5,2.50000000e+02,,,,,,,,"User-Defined Loss Rate Model. The GS estimates 0.21-0.65% (particles >40 um and <40 um, respectively) loss from dust generated during transferring and mixing. Dust particles are expected to be cleaned from the equipment and floor with water or disposed of directly to landfill.",,2.50000000e+02,1,1,Output 1,Output 2,water or landfill (per GS),2,106
3,0,263,3,0.00000000e+00,1.95870987e+02,0.00000000e+00,2.00767762e+06,0.0E+0,2.0E+2,0.0E+0,2.0E+6,0.00000000e+00,,,,,,,,"EPA/OPPT Multiple Process Vessel Residual Model, CEB standard 2% residual. The GS estimates 2% release from cleaning of compounding equipment to water. This release includes cooling water used during compounding and equipment cleaning water.",,2.50000000e+02,0,1,Conservative,Conservative,water (per GS),2,106
4,0,264,39,0.00000000e+00,4.89677525e+00,0.00000000e+00,5.01919453e+04,0.0E+0,4.9E+0,0.0E+0,5.0E+4,0.00000000e+00,,,,,,,,"User-Defined Loss Rate Model. The GS estimates 0.05% of the LVE may be volatilized at high temperatures, with 50% released to air and 50% released to water. ",,2.50000000e+02,0,1,Output 1,Output 2,water (50%) or air (50%) (per GS),2,106
1,0,265,6,0.00000000e+00,6.34920883e+00,0.00000000e+00,1.00000039e+05,0.0E+0,6.3E+0,0.0E+0,1.0E+5,0.00000000e+00,,,,,,,,"EPA/OPPT Solid Residuals in Transport Containers Model, CEB standard 1% residual. The GS indicates that wearing of pellets may result in dust residual. Media of release uncertain, per GS. ",,2.50000000e+02,0,1,Output 1,Output 2,uncertain (per GS),2,107
2,0,266,39,0.00000000e+00,6.35499954e-02,0.00000000e+00,1.00091241e+03,0.0E+0,6.4E-2,0.0E+0,1.0E+3,0.00000000e+00,,,,,,,,User-Defined Loss Rate Model. GS estimates 0.01% loss from dust generation during converting activities. Particles are originally released to air but are expected to eventually settle to the ground. Dust particles are expected to be cleaned from the equipment and floor with water or disposed of directly to landfill.,,2.50000000e+02,0,1,Output 1,Output 2,water or landfill (per GS),2,107
3,0,267,39,0.00000000e+00,1.58875000e+00,0.00000000e+00,2.50228125e+04,0.0E+0,1.6E+0,0.0E+0,2.5E+4,0.00000000e+00,,,,,,,,"User-Defined Loss Rate Model. The GS estimates up to 0.25% of the daily use rate may be released during procesing at elevated temperatures. Per GS, 50% is assumed to be released to water and 50% is assumed to be released to the atmosphere.",,2.50000000e+02,0,1,Output 1,Output 2,water (50%) or air (50%) (per GS),2,107
4,0,268,3,0.00000000e+00,1.27100000e+01,0.00000000e+00,2.00182500e+05,0.0E+0,1.3E+1,0.0E+0,2.0E+5,0.00000000e+00,,,,,,,,"EPA/OPPT Multiple Process Vessel Residual Model, CEB standard 2% residual. The GS estimtates 2% release to water.",,2.50000000e+02,0,1,Conservative,Conservative,water (per GS),2,107
5,0,269,39,0.00000000e+00,1.58874998e+01,0.00000000e+00,2.50228125e+05,0.0E+0,1.6E+1,0.0E+0,2.5E+5,0.00000000e+00,,,,,,,,"User-Defined Loss Rate Model. The GS estimates 2.5% waste from grinding and trimming of plastic parts, sent to water or landfill. Dust particles are originally released to air, but are expected to eventually settle to the ground. Dust particles are expected to be cleaned from the equipment and floor with water or disposed of directly to landfill.",,2.50000000e+02,0,1,Output 1,Output 2,water or landfill (per GS) ,2,107
1,0,270,2,0.00000000e+00,3.80960250e+00,0.00000000e+00,3.00000000e+03,0.0E+0,3.8E+0,0.0E+0,3.0E+3,0.00000000e+00,,,,,,,,"EPA/OPPT Drum Residual Model, CEB standard 3% residual. Per the ESD for the Industrial Use of Adhesives for Substrate Bonding, ""EPA suggests using a default transportation container size of a 55-gallon drum""; therefore, the EPA/OPPT Drum Residual Model may be used to estimate this release. Container cleaning may involve organic and water wash, which could be released to water, incineration, or landfill, per ESD. ",,6.60000000e+01,0,1,Central Tendency,High End,"water, incineration, or landfill (per ESD)",2,108
2,0,271,4,0.00000000e+00,3.16590011e-01,0.00000000e+00,9.87760864e+02,0.0E+0,3.2E-1,0.0E+0,9.9E+2,0.00000000e+00,,,,,,,,"EPA/OPPT Single Vessel Residual Model, CEB standard 1% residual. Per the ESD for the Industrial Use of Adhesives for Substrate Bonding, EPA assumes that the amount of residual adhesive chemical remaining in the application equipment (e.g., cylinders, pans, sumps) may be estimated using the EPA/OPPT Single Process Vessel Residual Model, which may be released to water, incineration, or landfill (via cleaning with water or solvent). ",,2.60000000e+02,0,1,High End to Bounding,Conservative,"water, incineration, or landfill (per ESD)",2,108
3,0,272,41,0.00000000e+00,2.37442513e+01,0.00000000e+00,7.40820625e+04,0.0E+0,2.4E+1,0.0E+0,7.4E+4,0.00000000e+00,,,,,,,,"EPA/OPPT Automobile Refinish Coating Overspray Loss Model (non-volatiles). Per the ESD for the Industrial Use of Adhesives for Substrate Bonding, when the spray application process is unknown, the use of a conventional air-automized spray coating process with a transfer efficiency of 25% is assumed. EPA estimates a spray booth capture efficiency of 90%; the portion captured in the dry filters (90%) may be sent to incineration or landfill and the remaining (10%) is released to air.  ",,2.60000000e+02,0,1,Output 1,Output 2,"Air (10%), Incineration or Landfill (90%) (per ESD)",2,108
0,0,273,7,2.82782785e-05,5.65565570e-05,8.82282257e-02,1.76456451e-01,2.8E-5,5.7E-5,8.8E-2,1.8E-1,2.60000000e+02,,,,,,,,"EPA/OAQPS AP-42 Loading Model. Per the ESD for the Industrial Use of Adhesives for Substrate Bonding, ""if the chemical is volatile (e.g., the vapor pressure is >0.001 torr), releases to air may occur from the displacement of saturated air when the chemical is transferred""; EPA suggests using the EPA/OAQPS AP-42 Loading Model to estimate releases for transfer operations. ",,2.60000000e+02,1,1,Typical,Worst Case,Air (per ESD),2,109
1,0,274,2,0.00000000e+00,3.80960250e+00,0.00000000e+00,3.00000000e+03,0.0E+0,3.8E+0,0.0E+0,3.0E+3,0.00000000e+00,,,,,,,,"EPA/OPPT Drum Residual Model, CEB standard 3% residual. Per the ESD for the Industrial Use of Adhesives for Substrate Bonding, ""EPA suggests using a default transportation container size of a 55-gallon drum""; therefore, the EPA/OPPT Drum Residual Model may be used to estimate this release. Container cleaning may involve organic and water wash, which could be released to water, incineration, or landfill, per ESD. ",,6.60000000e+01,0,1,Central Tendency,High End,"water, incineration, or landfill (per ESD)",2,109
1,1,275,9,0.00000000e+00,9.41723044e-07,0.00000000e+00,2.93817581e-03,0.0E+0,9.4E-7,0.0E+0,2.9E-3,0.00000000e+00,,,,,,,,"EPA/OPPT Penetration Model. Per the ESD for the Industrial Use of Adhesives for Substrate Bonding, ""if the chemical is volatile (e.g., the vapor pressure is > 0.001 torr), it may volatilize and be emitted from the process while empty containers are being rinsed and cleaned""; EPA suggests using the EPA/OPPT Penetration Model for estimating releases to air from containers cleaned indoors. ",,2.60000000e+02,0,1,Output 1,Output 2,Air (per ESD),2,109
2,0,276,4,0.00000000e+00,3.16590011e-01,0.00000000e+00,9.87760864e+02,0.0E+0,3.2E-1,0.0E+0,9.9E+2,0.00000000e+00,,,,,,,,"EPA/OPPT Single Vessel Residual Model, CEB standard 1% residual. Per the ESD for the Industrial Use of Adhesives for Substrate Bonding, EPA assumes that the amount of residual adhesive chemical remaining in the application equipment (e.g., cylinders, pans, sumps) may be estimated using the EPA/OPPT Single Process Vessel Residual Model, which may be released to water, incineration, or landfill (via cleaning with water or solvent). ",,2.60000000e+02,0,1,High End to Bounding,Conservative,"water, incineration, or landfill (per ESD)",2,109
2,1,277,9,0.00000000e+00,5.75111993e-03,0.00000000e+00,1.79434948e+01,0.0E+0,5.8E-3,0.0E+0,1.8E+1,0.00000000e+00,,,,,,,,"EPA/OPPT Penetration Model. Per the ESD for the Industrial Use of Adhesives for Substrate Bonding, ""if the chemical is volatile (e.g., the vapor pressure is >0.001 torr) it may evaporate and be released to the air during equipment cleaning""; therefore, EPA suggests using the EPA/OPPT Penetration Model to estimate releases to air as this operation is likely to occur indoors. ",,2.60000000e+02,0,1,Output 1,Output 2,Air (per ESD),2,109
3,0,278,41,0.00000000e+00,2.37442513e+01,0.00000000e+00,7.40820625e+04,0.0E+0,2.4E+1,0.0E+0,7.4E+4,0.00000000e+00,,,,,,,,"EPA/OPPT Automobile Refinish Coating Overspray Loss Model (non-volatiles). Per the ESD for the Industrial Use of Adhesives for Substrate Bonding, when the spray application process is unknown, the use of a conventional air-automized spray coating process with a transfer efficiency of 25% is assumed. EPA estimates a spray booth capture efficiency of 90%; the portion captured in the dry filters (90%) may be sent to incineration or landfill and the remaining (10%) is released to air.  ",,2.60000000e+02,0,1,Output 1,Output 2,"Air (10%), Incineration or Landfill (90%) (per ESD)",2,109
4,0,279,39,0.00000000e+00,6.64838982e+00,0.00000000e+00,2.07429766e+04,0.0E+0,6.6E+0,0.0E+0,2.1E+4,0.00000000e+00,,,,,,,,"User-Defined Loss Rate Model. Per the ESD for the Industrial Use of Adhesives for Substrate Bonding, for a non-reactive volatile chemical ""it should be assumed that 100 percent of the volatile chemical is released during curing/drying, less any upstream losses from container cleaning, equipment cleaning, and application losses."" For curing/drying operations, EPA suggests assessing a loss fraction of 21 percent to unknown end use industries. If the end use is known and falls within flexible packaging and tapes and labels tapes manufacturing industries, EPA  recommends using a capture efficiency of 90%, with the most likely release media being air (10%) and incineration (90%) (see ESD for additional details). ",,2.60000000e+02,0,1,Output 1,Output 2,Air (per ESD),2,109
