OpID,OpName,PVop,ProcessDesc,PSInto,PSIntoOther,PSOut,PSOutOther,PSIn,PSInOther,NoPrev,OpType,IoE,OpNumWorkers,NumWorkersExpDaysPerYear,MassBalDisc1,MassBalDisc2,Basis,GSS_XmoProd,GSS_Yprod,GSS_NS,WaterRelBasis,InhExpBasis,AddNotesRelSummary,AddNotesExpSummary,DerExpBasis,OpOrder,NWdefault,NWestimated,NWbasis,NWbasisEnabled,GSS_PDF,ScenarioID
3,"Use: UVEB Curable Coatings, Inks, and Adhesives - Application (non-volatile liquid)",1.00000000e+06,"Radiation curable coating, ink, or adhesive (liquid, 70% PMN) is unloaded from transport containers --> Dilute and Mix (optional) --> Product is transferred to the application reservoir --> Product is applied to substrate via Roll, Spray, Curtain, or Vacuum coating --> UV/EB Curing --> Cured product incorporated on Substrate/Article (per ESD).",,,,,,,-1,1,0,0,0,5,0,"The October 2011 Emission Scenario Document (ESD) on the Application of Radiation Curable Coatings, Inks, and Adhesives via Spray, Vacuum, Roll and Curtain Coating, provides default values of 250 operating days/year; 548 kg coating/site-batch; and 70% PMN in coating, ink, or adhesive (default for unknown type of product - see ESD for additional details). // Note to user: if you encounter a Mass Balance Discrepancy for the number of sites, uncheck the ""Daily Mass Input of Raw Material Containing Chemical"" and check the ""Number of Sites"" option. Press the ""calculate remaining two parameters"" button to recalculate the daily use rate.",,,,"IRER Note: The daily releases listed for any source below may coincide with daily releases from the other sources to the same medium. Per the ESD for the Application of Radiation Curable Coatings, Inks, and Adhesives, raw material sampling wastes are expected to be released to water, incineration, or landfill; due to the lack of industry-specific data, this release is not estimated. It should be noted that EPA expects releases of the chemical from raw material sampling activities to be relatively low in comparison to the other sources of release in the application process.","Per the ESD on the Application of Radiation Curable Coatings, Inks, and Adhesives, inhalation exposures are not expected during normal operating conditions for non-volatile chemicals (VP <0.001 torr), but are expected from the spray application of the radiation curable product (see ESD for additional details).",,,"Note that the ESD specifies dermal exposures from the following activities: (1) Unloading Radiation Curable Formulation; (2) Raw Material Sampling; (3) Cleaning Empty Radiation Curable Component Containers; (4) Application of Radiation Curable Product; and (5) Equipment Cleaning. Dermal exposure estimates are the same for activities #1, 3, and 5 (EPA/OPPT 2-Hand Dermal Contact with Liquid Model). The EPA/OPPT 1-Hand Dermal Contact with Liquid Model is suggested for use to estimate dermal exposure from sampling (2); this scenario does not present this exposure as the EPA/OPPT 2-Hand Dermal Contact with Liquid Model is more conservative and would encompass dermal exposure from this activity. Dermal exposure estimates for the application method (activity #4) are estimated using the EPA/OPPT 2-Hand Dermal Immersion in Liquid Model. This scenario presents two release scenarios for all workers. ",0,418,418,"The ESD on the Application of Radiation Curable Coatings, Inks, and Adhesives conservatively estimates exposure for up to 19 workers/site (overall average) for unknown coatings, inks, and adhesives. It can be conservatively estimated that all workers are exposed during each activity.             ",0.0,\Help\Application_of_RadCur_Coatings_2011.pdf,83
3,"Use: UVEB Curable Coatings, Inks, and Adhesives - Application (volatile liquid)",1.00000000e+06,"Radiation curable coating, ink, or adhesive (liquid, 70% PMN) is unloaded from transport containers --> Dilute and Mix (optional) --> Product is transferred to the application reservoir --> Product is applied to substrate via Roll, Spray, Curtain, or Vacuum coating --> UV/EB Curing --> Cured product incorporated on Substrate/Article (per ESD).",,,,,,,-1,1,0,0,0,5,0,"The October 2011 Emission Scenario Document (ESD) on the Application of Radiation Curable Coatings, Inks, and Adhesives via Spray, Vacuum, Roll and Curtain Coating, provides default values of 250 operating days/year; 548 kg coating/site-batch; and 70% PMN in coating, ink, or adhesive (default for unknown type of product - see ESD for additional details). // Note to user: if you encounter a Mass Balance Discrepancy for the number of sites, uncheck the ""Daily Mass Input of Raw Material Containing Chemical"" and check the ""Number of Sites"" option. Press the ""calculate remaining two parameters"" button to recalculate the daily use rate.",,,,"IRER Note: The daily releases listed for any source below may coincide with daily releases from the other sources to the same medium. Per the ESD for the Application of Radiation Curable Coatings, Inks, and Adhesives, raw material sampling wastes are expected to be released to water, incineration, or landfill; due to the lack of industry-specific data, this release is not estimated. It should be noted that EPA expects releases of the chemical from raw material sampling activities to be relatively low in comparison to the other sources of release in the application process. In addition to the process losses assessed below, volatile components also evaporate during the application process. Solvents and other volatile components that do not react will completely volatilize by the time that the coating, ink, or adhesive cures. EPA has not currently developed a standard approach or attempted to assess releases of volatile components during spray, vacuum, roll, or curtain coating applications. ","Note that the ESD specifies inhalation exposures for all workers from the following activities: (1) Unloading Radiation Curable Formulation; (2) Raw Material Sampling; (3) Cleaning Empty Radiation Curable Component Containers; (4) Application of Radiation Curable Product; and (5) Equipment Cleaning. Inhalation exposure for all activities other than (4) are estimated using teh EPA/OPPT Mass Balance Model. Inhalation exposure for activity (4) is estimated based on the application method chosen; the default method is Spray Coating and therefore the EPA/OPPT Automobile OEM Spray Coating Inhalation Model can be used to estimate exposure. Therefore, this scenario presents two inhalation exposure estimates for all workers. // Note: Inhalation exposures to chemical vapors during the application process presents a data gap; the PMN is a volatile liquid where the airborne concentration of the chemical of interest is unknown (see ESD for additional details). ",,,"Note that the ESD specifies dermal exposures from the following activities: (1) Unloading Radiation Curable Formulation; (2) Raw Material Sampling; (3) Cleaning Empty Radiation Curable Component Containers; (4) Application of Radiation Curable Product; and (5) Equipment Cleaning. Dermal exposure estimates are the same for activities #1, 3, and 5 (EPA/OPPT 2-Hand Dermal Contact with Liquid Model). The EPA/OPPT 1-Hand Dermal Contact with Liquid Model is suggested for use to estimate dermal exposure from sampling (2); this scenario does not present this exposure as the EPA/OPPT 2-Hand Dermal Contact with Liquid Model is more conservative and would encompass dermal exposure from this activity. Dermal exposure estimates for the application method (activity #4) are estimated using the EPA/OPPT 2-Hand Dermal Immersion in Liquid Model. This scenario presents two release scenarios for all workers.",0,418,418,"The ESD on the Application of Radiation Curable Coatings, Inks, and Adhesives conservatively estimates exposure for up to 19 workers (overall average) for unknown coatings, inks, and adhesives. It can be conservatively estimated that all workers are exposured during each activity.          ",0.0,\Help\Application_of_RadCur_Coatings_2011.pdf,84
100,Use: Automobile OEM Spray Coating (non-volatile liquid),0.00000000e+00,Unload coating product containing the assessed chemical from shipping container -> Mix and/or store (optional) -> Transfer to spray gun feed system -> Apply coating to automobile surfaces (some sprayed coating does not remain on the surfaces - it passes into the booth ventilation system and is either captured in exhaust controls or is exhausted into the air through the stack) -> Bake/cure coating at high temperatures (assessed chemical is destroyed or fixed to the coated surface),,,,,,,0,0,1,0,0,0,0,,,,,IRER Note: The daily releases listed for any source below may coincide with daily releases from the other sources to the same medium. ,,,,,1,0,0,  ,0.0,\Help\AutoSprayScen.pdf,41
103,Use: Recirculating Water-Cooling Tower Additive (non-volatile),0.00000000e+00,"Unload water cooling-tower additive containing the assessed chemical from shipping container -> Store (optional) -> Mix into the cooling tower recirculating water to maintain a specific concentration (losses to blowdown and windage, and if the additive is volatile, to evaporation).",,,,,,,0,0,1,0,0,0,0,,,,,,,,,,3,0,0,  ,0.0,\Help\coolingtower.pdf,43
104,Use: Electroplating Bath Additive (non-volatile),0.00000000e+00,Pre-treatment cleaning steps (not assessed by this operation) -> Transfer of additive containing the chemical from shipping container into dip tank (you must manually add or adjust unloading and cleaning activities based on the loading activity in the previous operation) -> Electroplate surfaces of parts-> Plated parts immersed in rinse tanks and spray rinsed -> Bake/cure plated coating (chemical is either destroyed or fixed to the coated surface),,,,,,,0,0,1,0,0,0,0,,,,,,,,,,4,0,0,  ,0.0,\Help\electroplating.pdf,44
2,Processing: Fragrance Oil Blending into Commercial and Consumer Products (volatile liquid),1.00000000e+04,"Fragrance Oil (liquid, 20% - default if unknown) --> Unloading from Transport or Storage Containers --> Mixing (Closed Vessel) --> Packaging --> Final Commercial or Consumer Product (liquid or solid, 0.4% - default if unknown) (per ESD).",,,,,,,-1,1,0,0,0,23,0,"The September 2010 Emission Scenario Document (ESD) on the Blending of Fragrance Oils into Commercial and Consumer Products provides default values of 250 operating days/yr; 20% aroma chemical in the fragrance oil; 2% fragrance oil in the final commercial and consumer product (i.e. 0.4% aroma chemical in the final product), and 82 kg fragrance oil/site-day (see ESD for additional details). // Note to user: if you encounter a Mass Balance Discrepancy for the number of sites, uncheck the ""Daily Mass Input of Raw Material Containing Chemical"" and check the ""Number of Sites"" option. Press the ""calculate remaining two parameters"" button to recalculate the daily use rate.",,,,"IRER Note: The daily releases listed for any source below may coincide with daily releases from the other sources to the same medium. Per the ESD on the Blending of Fragrance Oils into Commercial and Consumer Products, product sampling wastes are expected to be released to water, incineration, or landfill; due to the lack of industry-specific data, this release is not estimated. It should be noted that EPA expects releases of the chemical from product sampling activities to be relatively low in comparison to the other sources of release in the formulation process.","Note that the ESD specifies inhalation exposure from the following activities: (1) Unloading Transport Containers; (2) Transport Container Cleaning; (3) Product Sampling; (4) Equipment Cleaning; and (5) Product Loading. Since the exposure estimates are the same for all liquid and solid activities (EPA/OPPT Mass Balance Model; OSHA Total PNOR PEL Limiting model, > 54 kg/day, or EPA/OPPT Small Volume Solids Handling Inhalation Model, < 54 kg/day), two exposure scenarios are presented for all workers. ",,,"Note that the ESD specifies dermal exposure from the following activities: (1) Unloading Transport Containers; (2) Transport Container Cleaning; (3) Product Sampling; (4) Equipment Cleaning; (5) Product Loading. Since the exposure estimates are the same for all liquid and solid activities (EPA/OPPT Direct 2-Hand Contact with Liquid Model and EPA/OPPT Direct 2-Hand Dermal Contact with Solids Model, respectively), two exposure scenarios are presented for all workers. ",0,174,174,The ESD on the Blending of Fragrance Oils into Commercial and Consumer Products conservatively estimates exposure for up to 29 workers per site while performing formulation process activities; it can be conservatively estimated that all workers are exposure during each activity.     ,0.0,\Help\Fragrance_Oils_2010.pdf,85
2,Use: Oil Well Production Additive (non-volatile liquid),1.60000000e+04,"Oil well additive unloaded from containers into storage tank (liquid, 55% - default for unknown additive) --> Additive injected into oil well (non-emulsion breakers only) --> Fluid is extracted from the well --> Solids and water are removed -> Oil/water emulsion breaking --> Oil is transferred to refineries (per ESD). ",,,,,,,-1,1,1,0,0,0,0,"The June 2013 Emission Scenario Document (ESD) on Chemicals Used in Oil Well Production provides default values of 350 operating days/yr; 55% PMN in raw material; well injection concentration of 0.0205%; and 1,460 kg oil well injection additive/site-day for an unknown chemical additive (unknown function, oil- or water-soluble not specified), where both occupational exposures or environmental releases are a concern (see ESD for additional details). // Note to user: if you encounter a Mass Balance Discrepancy for the number of sites, uncheck the ""Daily Mass Input of Raw Material Containing Chemical"" and check the ""Number of Sites"" option. Press the ""calculate remaining two parameters"" button to recalculate the daily use rate. ",,,,IRER Note: The daily releases listed for any source below may coincide with daily releases from the other sources to the same medium. ,"Per the ESD on Chemicals Used in Oil Well Production, inhalation exposures are not expected from non-volatile (VP < 0.001 torr) oil well chemicals. Additionally, no recent PMN submissions involved an oil well chemical provided to the production site in solid form. Therefore, estimation approaches for assessing dermal and inhalation exposures to solids were not provided in the ESD. ",,,"Note that the ESD specifies dermal exposures from the following activities: (1) Unloading Transport Containers; (2) Transport Container Cleaning; and (3) Equipment or Storage Tank Cleaning. Since the recommended exposure model is the same for all of the activities (EPA/OPPT 2-Hand Dermal Contact with Liquid Model), this scenario presents one exposure for all workers. ",0,1224,1224,"The ESD on Chemicals Used in Oil Well Production estimates exposure for 8 workers per site. EPA assumes a single well exists at each site. This IRER conservatively estimates that all 8 workers are exposed to the PMN at the highest potential concentration (during unloading), up to 250 exposure days per worker.  
      ",1.0,\Help\OilWellProduction_2013.pdf,86
3,Use: Laundries - Water Based Washing Operations (non-volatile liquid),1.00000000e+05,"Liquid Laundry Cleaning Products Received in Pails, Drums, Totes, or Tank Trucks (100% PMN) --> Automatic or Manual Loading of Chemicals --> Washing Machine (25-95 minutes) --> Drying and Steaming --> Hanging and Folding --> Laundry Returned to Customers (per ESD)",,,,,,,-1,1,0,0,0,0,0,"The July 2011 Emission Scenario Document (ESD) on Chemicals Used in Water Based Washing Operations at Industrial and Institutional Laundries provides default values of 260 operating days/year; 100% chemical of interest in laundry product; and 26.2 kg liquid detergent formulation/site-day (see ESD for additional details). // Note to user: if you encounter a Mass Balance Discrepancy for the number of sites, uncheck the ""Daily Mass Input of Raw Material Containing Chemical"" and check the ""Number of Sites"" option. Press the ""calculate remaining parameters button to recalculate the daily use rate.",,,,"IRER Note: The daily releases listed for any source below may coincide with daily releases from the other sources to the same medium. Per the ESD on Chemicals Used in Water Based Washing Operations at Industrial and Institutional Laundries, empty drums used at industrial laundries (default) are typically returned directly to the wash chemical supplier or sent to a drum recycler/reconditioner where they are triple-rinsed before reuse. Similarly bulk totes or tank trucks would be rinsed at the wash chemical supplier's site or a separate cleaning facility. However, pails, cardboard boxes, and other smaller containers that may be used for laundry products received in smaller quantities may be discarded without rinsing to municipal solid waste (potential disposal to incineration or landfill). EPA recommends assessing container residue releases from chemicals used at industrial laundries at the laundry cleaning product formulation facility; therefore, this release is not presented below. ","Note the ESD indicates that inhalation exposure to liquids is assumed negligible for nonvolatile liquids (e.g., the vapor pressure is < 0.001 torr).",,,"Note the ESD specifies dermal exposure from the following activities: (1) Unloading Liquid Laundry Cleaning Product; (2) Cleaning Liquid Laundry Cleaning Product Containers; and (3) Exposure from Handling Damp Laundry and Other Operational Exposures. Since the exposure estimates are the same for all of the activities (EPA/OPPT 2-Hand Dermal Contact with Liquid Model), this scenario presents one exposure for all workers. /// Note: For industrial operations, container cleaning is not expected to occur at the laundry facility.",0,135,135,"The ESD on Chemicals Used in Water Based Washing Operations at Industrial and Institutional Laundries conservatively estimates exposure for up to 9 workers per site if the type of laundry is unknown; it can be conservatively estimated that all workers are exposed during each activity, up to a maximum of 250 days per worker.   ",1.0,\Help\Laundries_2011.pdf,87
3,Use: Laundries - Water Based Washing Operations (solid particulate),1.00000000e+05,"Solid Laundry Cleaning Products Received in Pails, Drums, Totes, or Tank Trucks (100% PMN) --> Manual Loading of Chemicals --> Washing Machine (25-95 minutes) --> Drying and Steaming --> Hanging and Folding --> Laundry Returned to Customers (per ESD)",,,,,,,-1,1,0,0,0,8,0,"The July 2011 Emission Scenario Document (ESD) on Chemicals Used in Water Based Washing Operations at Industrial and Institutional Laundries provides default values of 260 operating days/year; 100% chemical of interest in laundry product; and 103.8 kg solid detergent formulation/site-day (see ESD for additional details). // Note to user: if you encounter a Mass Balance Discrepancy for the number of sites, uncheck the ""Daily Mass Input of Raw Material Containing Chemical"" and check the ""Number of Sites"" option. Press the ""calculate remaining parameters button to recalculate the daily use rate.",,,,"IRER Note: The daily releases listed for any source below may coincide with daily releases from the other sources to the same medium. Per the ESD on Chemicals Used in Water Based Washing Operations at Industrial and Institutional Laundries, empty drums used at industrial laundries (default) are typically returned directly to the wash chemical supplier or sent to a drum recycler/reconditioner where they are triple-rinsed before reuse. Similarly bulk totes or tank trucks would be rinsed at the wash chemical supplier's site or a separate cleaning facility. However, pails, cardboard boxes, and other smaller containers that may be used for laundry products received in smaller quantities may be discarded without rinsing to municipal solid waste (potential disposal to incineration or landfill). EPA recommends assessing container residue releases from chemicals used at industrial laundries at the laundry cleaning product formulation facility; therefore, this release is not presented below. ","Note the ESD specifies inhalation exposure from the following activities: (1) Unloading Solid Laundry Cleaning Product and (2) Cleaning Solid Laundry Cleaning Product Containers. Inhalation exposure from both activities can be estimated based on the daily amount of product handled: for amounts greater than 54 kg/day, OSHA PNOR PEL-Limiting Model; for amounts less than or equal to 54 kg/day, EPA/OPPT Small Volume Solids Handling Model. // Note: For industrial operations, container cleaning is not expected to occur at the laundry facility. ",,,"Note the ESD specifies dermal exposure from the following activities: (1) Unloading Solid Laundry Cleaning Product; (2) Cleaning Solid Laundry Cleaning Product Containers; and (3) Exposure from Handling Damp Laundry and Other Operational Exposures. Dermal exposure for activities (1) and (2) are estimated using the EPA/OPPT 2-Hand Dermal Contact with Solid Model and activity (3) exposures are estimated using the EPA/OPPT 2-Hand Dermal Contact with Liquid Model ; therefore, this scenario presents two release assessments for all workers. // Note: For industrial operations, container cleaning is not expected to occur at the laundry facility.",0,72,36,"The ESD on Chemicals Used in Water Based Washing Operations at Industrial and Institutional Laundries conservatively estimates exposure for up to 9 workers per site if the type of laundry is unknown; it can be conservatively estimated that all workers are exposed during each activity, up to a maximum of 250 days per worker.             ",1.0,\Help\Laundries_2011.pdf,88
3,Use: Laundries - Water Based Washing Operations (volatile liquid),1.00000000e+05,"Liquid Laundry Cleaning Products Received in Pails, Drums, Totes, or Tank Trucks (100% PMN) --> Automatic or Manual Loading of Chemicals --> Washing Machine (25-95 minutes) --> Drying and Steaming --> Hanging and Folding --> Laundry Returned to Customers (per ESD)",,,,,,,-1,1,0,0,0,0,0,"The July 2011 Emission Scenario Document (ESD) on Chemicals Used in Water Based Washing Operations at Industrial and Institutional Laundries provides default values of 260 operating days/year; 100% chemical of interest in laundry product; and 26.2 kg liquid detergent formulation/site-day (see ESD for additional details). // Note to user: if you encounter a Mass Balance Discrepancy for the number of sites, uncheck the ""Daily Mass Input of Raw Material Containing Chemical"" and check the ""Number of Sites"" option. Press the ""calculate remaining parameters button to recalculate the daily use rate.",,,,"IRER Note: The daily releases listed for any source below may coincide with daily releases from the other sources to the same medium. Per the ESD on Chemicals Used in Water Based Washing Operations at Industrial and Institutional Laundries, empty drums used at industrial laundries (default) are typically returned directly to the wash chemical supplier or sent to a drum recycler/reconditioner where they are triple-rinsed before reuse. Similarly bulk totes or tank trucks would be rinsed at the wash chemical supplier's site or a separate cleaning facility. However, pails, cardboard boxes, and other smaller containers that may be used for laundry products received in smaller quantities may be discarded without rinsing to municipal solid waste (potential disposal to incineration or landfill). EPA recommends assessing container residue releases from chemicals used at industrial laundries at the laundry cleaning product formulation facility; therefore, this release is not presented below. Additionally, open surface losses to air would be negligible as containers are not expected to be rinsed on-site. ","Note the ESD specifies inhalation exposure from the following activities: (1) Unloading Liquid Laundry Cleaning Product; (2) Cleaning Liquid Laundry Cleaning Product Containers; and (3) Exposure from Handling Damp Laundry and Other Operational Exposures. Since the exposure estimates are the same for all of the activities (EPA/OPPT Mass Balance Model), this scenario presents one exposure for all workers. // Note: For industrial operations, container cleaning is not expected to occur at the laundry facility.",,,"Note the ESD specifies dermal exposure from the following activities: (1) Unloading Liquid Laundry Cleaning Product; (2) Cleaning Liquid Laundry Cleaning Product Containers; and (3) Exposure from Handling Damp Laundry and Other Operational Exposures. Since the exposure estimates are the same for all of the activities (EPA/OPPT 2-Hand Dermal Contact with Liquid Model), this scenario presents one exposure for all workers. /// Note: For industrial operations, container cleaning is not expected to occur at the laundry facility.",0,135,135,The ESD on Chemicals Used in Water Based Washing Operations at Industrial and Institutional Laundries conservatively estimates exposure for up to 9 workers per site if the type of laundry is unknown; it can be conservatively estimated that all workers are exposed during each activityup to a maximum of 250 days per worker.           ,1.0,\Help\Laundries_2011.pdf,89
3,Use: Chemical Vapor Deposition in the Semiconductor Industry (gas),1.00000000e+04,"CVD precursors shipped to end users in air-tight cylinders (gas, 100%) --> Cylinders connected to gas delivery system --> CVD precursor flows to reaction chamber --> Precursor reacted/consumed (30-50%) --> Unreacted precursors flow to abatement system (50-70%)(per ESD).",,,,,,,-1,1,0,0,0,0,0,"The September 2014 Emission Scenario Document (ESD) on Chemical Vapor Deposition (CVD) in the Semiconductor Industry provides default values of 360 operating days/year; 100% chemical of interest in precursor; and 2.8 kg CVD precursor/site-day. // Note to user: if you encounter a Mass Balance Discrepancy for the number of sites, uncheck the ""Daily Mass Input of Raw Material Containing Chemical"" and check the ""Number of Sites"" option. Press the ""calculate remaining two parameters"" button to recalculate the daily use rate. ",,,,"Per the ESD on Chemical Vapor Deposition in the Semiconductor Industry, CVD precursors are supplied in stainless steel, carbon steel, aluminum, or electroless nickel coated carbon steel containers (typically 16-gal). Empty containers are typically returned to the manufacturers for cleaning and refilling using custom designed equipment in a clean room environment. Therefore, environmental releases associated with container cleaning occur at the chemical supplier site, rather than at the semiconductor site. ","The ESD indicates that empty CVD cylinders are shipped back to the supplier for cleaning and refilling. Therefore, there is no worker exposure associated with container cleaning at the semiconductor site. Additionally, worker exposure to CVD precursors is not expected at semiconductor facilities because extensive controls, leak detection, and integrated safety locks are in place for the following potential exposure activities: Raw Material (CVD precursor) Loading and Unloading; CVD Process; CVD Chamber Cleaning; and Chamber Maintenance. Because high chemical purity and tight process controls are critical in achieving the desired deposition conditions and film quality, engineering controls are expected to be used to prevent any process leaks; these controls in turn minimize exposure (per ESD). There is no opportunity for direct, routine handling of or exposure to CVD precursor during semiconductor manufacturing. ",,,"The ESD indicates that empty CVD cylinders are shipped back to the supplier for cleaning and refilling. Therefore, there is no worker exposure associated with container cleaning at the semiconductor site. Additionally, worker exposure to CVD precursors is not expected at semiconductor facilities because extensive controls, leak detection, and integrated safety locks are in place for the following potential exposure activities: Raw Material (CVD precursor) Loading and Unloading; CVD Process; CVD Chamber Cleaning; and Chamber Maintenance. Because high chemical purity and tight process controls are critical in achieving the desired deposition conditions and film quality, engineering controls are expected to be used to prevent any process leaks; these controls in turn minimize exposure (per ESD). There is no opportunity for direct, routine handling of or exposure to CVD precursor during semiconductor manufacturing. ",0,0,0,"The ESD on Chemical Vapor Deposition in the Semiconductor Industry conservatively estimates approximately 19 production workers/facility could be involved in CVD. However, none of these production workers would be exposed to CVD precursors.         ",1.0,\Help\Chemical_Vapor_Deposition_2014.pdf,91
2,Use: Carbonless Copy Paper Coating Formulation and Application (non-volatile liquid),2.38625000e+06,"Liquid Raw Material received in Bulk Containers (23% PMN) --> Raw Material Unloading --> Acid Developer Formulation OR Microcapsule Slurry Formulation --> Carbonless Copy Paper (CCP) Coating (liquid, 2.3% PMN) --> Product Finishing --> Final CCP Product (per ESD)",,,,,,,-1,1,0,0,0,0,0,"The November 2012 Emission Scenario Document (ESD) on the Formulation and Application of Thermal and Carbonless Copy Paper Coatings provides default values of 250 operating days/year; 23% in coating formulation; 2.3% in coated paper, and 41,500 kg coating/site-day. // Note to user: if you encounter a Mass Balance Discrepancy for the number of sites, uncheck the ""Daily Mass Input of Raw Material Containing Chemical"" and check the ""Number of Sites"" option. Press the ""calculate remaining two parameters"" button to recalculate the daily use rate. ",,,,"IRER Note: The daily releases listed for any source below may coincide with daily releases from the other sources to the same medium. Per ESD on the Formulation and Application of Thermal and Carbonless Copy Paper Coatings, on-site wastewater treatment activities at carbonless copy paper (CCP) manufacturing facilities may include ultrafiltration, activated sludge, aeration, clarification (coagulation followed by settling) and powdered activated carbon. On-site treatment creates two waste streams: treated aqueous waste containing a low concentration of chemical of interest and the concentrated solids removed from the wastewater. The treated aqueous waste may be discharged directly to the environment or discharged to a POTW, while the concentrated waste is typically sent to landfill or land applied. Thermal paper manufacturing facilities typically treat wastewater using primary clarification, from which the solids stream is generally routed to a landfill, but may be incinerated at some facilities. Converter sites may not have on-site wastewater treatment and may instead discharge without treatment directly to a POTW. To conservatively assess water releases from a CCP manufacturing site, the default treatment efficiency is not used to estimate releases.",Note that the ESD specifies inhalation exposures from Roll Coating and Product Finishing activities.,,,"Note that the ESD specifies dermal exposures from the following activities: (1) Unloading Liquid Chemicals; (2) Cleaning Empty Transport Containers; (3) Equipment Cleaning; (4) Coating Operations; and (5) Product Finishing. Since the exposure estimates are the same for all of the activities (EPA/OPPT 2-Hand Dermal Contact with Liquid Model), this scenario presents one exposure for all workers. ",0,270,270,"The ESD on the Formulation and Application of Thermal and Carbonless Copy Paper Coatings conservatively estimates exposure for up to 90 workers per site while performing CCP process activities; 12 workers from raw material unloading, 30 workers from coating operation, and 48 workers from product finishing. This estimate may also be used for thermal paper manufacturing activities since CCP manufacturing sites commonly also produce thermal paper. It can be conservatively assumed that all workers are exposed during each activity.         ",0.0,\Help\Thermal_and_CCP_2012.pdf,92
2,Use: Carbonless Copy Paper Coating Formulation and Application (solid particulate),2.38625000e+06,"Solid Raw Materials received in Bags or Supersacks (23% PMN) --> Raw Material Unloading --> Acid Developer Formulation OR Microcapsule Slurry Formulation --> Carbonless Copy Paper (CCP) Coating (liquid, 2.3% PMN) --> Product Finishing --> Final CCP Product (per ESD)",,,,,,,-1,1,0,0,0,0,0,"The November 2012 Emission Scenario Document (ESD) on the Formulation and Application of Thermal and Carbonless Copy Paper Coatings provides default values of 250 operating days/year; 23% in coating formulation; 2.3% in coated paper, and 41,500 kg coating/site-day. // Note to user: if you encounter a Mass Balance Discrepancy for the number of sites, uncheck the ""Daily Mass Input of Raw Material Containing Chemical"" and check the ""Number of Sites"" option. Press the ""calculate remaining two parameters"" button to recalculate the daily use rate. ",,,,"IRER Note: The daily releases listed for any source below may coincide with daily releases from the other sources to the same medium. Per ESD on the Formulation and Application of Thermal and Carbonless Copy Paper Coatings, on-site wastewater treatment activities at carbonless copy paper (CCP) manufacturing facilities may include ultrafiltration, activated sludge, aeration, clarification (coagulation followed by settling) and powdered activated carbon. On-site treatment creates two waste streams: treated aqueous waste containing a low concentration of chemical of interest and the concentrated solids removed from the wastewater. The treated aqueous waste may be discharged directly to the environment or discharged to a POTW, while the concentrated waste is typically sent to landfill or land applied. Thermal paper manufacturing facilities typically treat wastewater using primary clarification, from which the solids stream is generally routed to a landfill, but may be incinerated at some facilities. Converter sites may not have on-site wastewater treatment and may instead discharge without treatment directly to a POTW. To conservatively assess water releases from a CCP manufacturing site, the default treatment efficiency is not used to estimate releases.","Note that the ESD specifies inhalation exposures from Unloading Solid Chemicals, Roll Coating and Product Finishing activities.",,,Note that the ESD specifies dermal exposures from the following activities: (1) Unloading Solid Chemicals; (2) Cleaning Empty Transport Containers; (3) Equipment Cleaning; (4) Coating Operations; and (5) Product Finishing. Dermal exposure from activity (1) is estimated using the EPA/OPPT Direct 2-Hand Dermal Contact with Solids Model and the exposure estimates for activities (2) through (5) are estimated using the EPA/OPPT 2-Hand Dermal Contact with Liquid Model. This scenario presents two exposure estimates for all workers.,0,360,360,"The ESD on the Formulation and Application of Thermal and Carbonless Copy Paper Coatings conservatively estimates exposure for up to 90 workers per site while performing CCP process activities; 12 workers from raw material unloading, 30 workers from coating operation, and 48 workers from product finishing. This estimate may also be used for thermal paper manufacturing activities since CCP manufacturing sites commonly also produce thermal paper. It can be conservatively assumed that all workers are exposed during each activity.              ",0.0,\Help\Thermal_and_CCP_2012.pdf,93
2,Use: Thermal Copy Paper Coating Formulation and Application (non-volatile liquid),4.50000000e+05,"Liquid Raw Material received in Bulk Containers (10% PMN) --> Raw Material Unloading --> Thermal Coating Formulation --> Thermal Coating (liquid, 1% PMN) --> Product Finishing --> Final Thermal Paper Product (per ESD).",,,,,,,-1,1,0,0,0,0,0,"The November 2012 Emission Scenario Document (ESD) on the Formulation and Application of Thermal and Carbonless Copy Paper Coatings provides default values of 250 operating days/year; 10% in coating formulation; 1% in coated paper, and 18,000 kg coating/site-day. // Note to user: if you encounter a Mass Balance Discrepancy for the number of sites, uncheck the ""Daily Mass Input of Raw Material Containing Chemical"" and check the ""Number of Sites"" option. Press the ""calculate remaining two parameters"" button to recalculate the daily use rate. ",,,,"The daily releases listed for any source below may coincide with daily releases from the other sources to the same medium. Per ESD on the Formulation and Application of Thermal and Carbonless Copy Paper Coatings, on site wastewater treatment activities at carbonless copy paper (CCP) manufacturing facilities may include ultrafiltartion, activated sludge, aeration, clarification (coagulation followed by settling) and powdered activated carbon. On site treatment creates two waste streams: treated aqueous waste containing a low concentration of chemical of interest and the concentrated solids removed from the wastewater. The treated aqueous waste may be discharged directly to the environment or discharged to a POTW, while the concentrated waste is typically sent to landfill or land applied. Thermal paper manufacturing facilities typically treat wastewater using primary clarification, from which the solids stream is generally routed to a landfill, but may be incinerated at some facilities. Converter sites may not have on site wastewater treatment and may instead discharge without treatment directly to a POTW. The applicability of the default efficiency to wastewater treatment operations at thermal paper manufacturing sites is not known; therefore, to conservatively assess water releases from a thermal paper manufacturing site, the default treatment efficiency should not be applied without sufficient basis (see ESD for additional details).",Note that the ESD specifies inhalation exposures from Roll Coating and Product Finishing activities.,,,"Note that the ESD specifies dermal exposures from the following activities: (1) Unloading Liquid Chemicals; (2) Cleaning Empty Transport Containers; (3) Equipment Cleaning; (4) Coating Operations; and (5) Product Finishing. Since the exposure estimates are the same for all of the activities (EPA/OPPT 2-Hand Dermal Contact with Liquid Model), this scenario presents one exposure for all workers. ",0,270,270,"The ESD on the Formulation and Application of Thermal and Carbonless Copy Paper Coatings conservatively estimates exposure for up to 90 workers per site while performing CCP process activities; 12 workers from raw material unloading, 30 workers from coating operation, and 48 workers from product finishing. This estimate may also be used for thermal paper manufacturing activities since CCP manufacturing sites commonly also produce thermal paper. It can be conservatively assumed that all workers are exposed during each activity.         ",1.0,\Help\Thermal_and_CCP_2012.pdf,94
2,Use: Thermal Copy Paper Coating Formulation and Application (solid particulate),4.50000000e+05,"Solid Raw Materials received in Bags or Supersacks (10% PMN)--> Raw Material Unloading --> Thermal Coating Formulation --> Thermal Coating (liquid, 1% PMN) --> Product Finishing --> Final Thermal Paper Product (per ESD).",,,,,,,-1,1,0,0,0,0,0,"The November 2012 Emission Scenario Document (ESD) on the Formulation and Application of Thermal and Carbonless Copy Paper Coatings provides default values of 250 operating days/year; 10% in coating formulation; 1% in coated paper, and 18,000 kg coating/site-day. // Note to user: if you encounter a Mass Balance Discrepancy for the number of sites, uncheck the ""Daily Mass Input of Raw Material Containing Chemical"" and check the ""Number of Sites"" option. Press the ""calculate remaining two parameters"" button to recalculate the daily use rate. ",,,,"The daily releases listed for any source below may coincide with daily releases from the other sources to the same medium. Per ESD on the Formulation and Application of Thermal and Carbonless Copy Paper Coatings, on site wastewater treatment activities at carbonless copy paper (CCP) manufacturing facilities may include ultrafiltartion, activated sludge, aeration, clarification (coagulation followed by settling) and powdered activated carbon. On site treatment creates two waste streams: treated aqueous waste containing a low concentration of chemical of interest and the concentrated solids removed from the wastewater. The treated aqueous waste may be discharged directly to the environment or discharged to a POTW, while the concentrated waste is typically sent to landfill or land applied. Thermal paper manufacturing facilities typically treat wastewater using primary clarification, from which the solids stream is generally routed to a landfill, but may be incinerated at some facilities. Converter sites may not have on site wastewater treatment and may instead discharge without treatment directly to a POTW. The applicability of the default efficiency to wastewater treatment operations at thermal paper manufacturing sites is not known; therefore, to conservatively assess water releases from a thermal paper manufacturing site, the default treatment efficiency should not be applied without sufficient basis (see ESD for additional details).","Note that the ESD specifies inhalation exposures from Unloading Solid Chemicals, Roll Coating, and Product Finishing activities.",,,Note that the ESD specifies dermal exposures from the following activities: (1) Unloading Solid Chemicals; (2) Cleaning Empty Transport Containers; (3) Equipment Cleaning; (4) Coating Operations; and (5) Product Finishing. Dermal exposure fromactivity (1) is estimated using the EPA/OPPT Direct 2-Hand Dermal Contact with Solids Model and the exposure estimates for activities (2) through (5) are estimated using the EPA/OPPT 2-Hand Dermal Contact with Liquid Model. This scenario presents two exposure estimates for all workers.,0,360,360,"The ESD on the Formulation and Application of Thermal and Carbonless Copy Paper Coatings conservatively estimates exposure for up to 90 workers per site while performing CCP process activities; 12 workers from raw material unloading, 30 workers from coating operation, and 48 workers from product finishing. This estimate may also be used for thermal paper manufacturing activities since CCP manufacturing sites commonly also produce thermal paper. It can be conservatively assumed that all workers are exposed during each activity.           ",1.0,\Help\Thermal_and_CCP_2012.pdf,95
2,Processing: Adhesives Formulation (non-volatile liquid),1.46000012e+06,"Solid or Liquid Components (100% PMN - default for unknown component)--> Unloading from Tank Cars, Totes, Drums, or Sacks --> Mixing (Room Temperature) --> Packaging or On-site Storage (PSA) --> Liquid Adhesive Product Sold or Used on-site  (liquid, 85% - default for unknown adhesive)(per ESD).",,,,,,,-1,1,0,0,0,0,0,"The April 2009 Emission Scenario Document (ESD) on the Formulation of Adhesives indicates if both releases and exposures are a concern, then the assessment should assess for both ""Large"" and ""Other"" formulators; EPA recommends that 49% PV be assessed at large sites and 51% PV be assessed at other sites. -- This method should be used if your assessment requires more accurate estimates (see ESD for additional details). The assessment in this IRER uses default values of 4,000 kg adhesive, 365 batches/site-yr; 100% PMN in the raw material; and 85% PMN in the final unknown adhesive product. // Note to user: if you encounter a Mass Balance Discrepancy for the number of sites, uncheck the ""Daily Mass Input of Raw Material Containing Chemical"" and check the ""Number of Sites"" option. Press the ""calculate remaining two parameters"" button to recalculate the daily use rate. ",,,,"IRER Note: The daily releases listed for any source below may coincide with daily releases from the other sources to the same medium. Per the ESD for the Formulation of Adhesives, product sampling wastes are expected to be released to water, incineration, or landfill; due to the lack of industry-specific data, this release is not estimated. It should be noted that EPA expects releases of the chemical from product sampling activities to be relatively low in comparison to the other sources of release in the adhesive formulation process. Additionally, EPA suggests that an estimated one percent loss rate in the annual production of solvent-based solution adhesives from off-spec product wastes disposed as solids should be assessed to water, incineration, or land. Per ESD, the default adhesive type is water-based; therefore, the present IRER does not present off-spec product releases (see ESD for additional details). ","Per ESD on the Formulation of Adhesives, inhalation exposures are not expected during normal operating conditions for non-volatile chemicals (VP < 0.001 torr).",,,"Note that the ESD specifies dermal exposures from the following activities: (1) Unloading Adhesive Components; (2) Cleaning Empty Adhesive Component Containers; (3) Sampling; (4) Equipment Cleaning; and (5) Adhesive Product Packaging. Since the exposure estimates are the same for all of the activities except sampling (EPA/OPPT 2-Hand Dermal Contact with Liquid Model), this scenario presents one exposure for all workers. The EPA/OPPT 1-Hand Dermal Contact with Liquid Model is suggested for use to estimate dermal exposure from sampling; this scenario does not present this exposure as the EPA/OPPT 2-Hand Dermal Contact with Liquid Model is more conservative and would encompass dermal exposure from this activity. ",0,22,22," The ESD on the Formulation of Adhesives conservatively estimates exposure for up to 22 workers per site while performing adhesive formulation process activities; it can be conservatively estimated that all workers are exposed during each activity, up to a maximum of 250 exposure days per year.         ",1.0,\Help\Adhesive_Formulation_2009.pdf,96
2,Processing: Adhesives Formulation (solid particulate),1.46000012e+06,"Solid or Liquid Components (100% PMN - default for unknown component)--> Unloading from Tank Cars, Totes, Drums, or Sacks --> Mixing (Room Temperature) --> Packaging or On-site Storage (PSA) --> Liquid Adhesive Product Sold or Used on-site  (liquid, 85% - default for unknown adhesive)(per ESD).",,,,,,,-1,1,0,0,0,0,0,"The April 2009 Emission Scenario Document (ESD) on the Formulation of Adhesives indicates if both releases and exposures are a concern, then the assessment should assess for both ""Large"" and ""Other"" formulators; EPA recommends that 49% PV be assessed at large sites and 51% PV be assessed at other sites. -- This method should be used if your assessment requires more accurate estimates (see ESD for additional details). The assessment in this IRER uses default values of 4,000 kg adhesive, 365 batches/site-yr; 100% PMN in the raw material; and 85% PMN in the final unknown adhesive product. // Note to user: if you encounter a Mass Balance Discrepancy for the number of sites, uncheck the ""Daily Mass Input of Raw Material Containing Chemical"" and check the ""Number of Sites"" option. Press the ""calculate remaining two parameters"" button to recalculate the daily use rate. ",,,,"IRER Note: The daily releases listed for any source below may coincide with daily releases from the other sources to the same medium. Per the ESD for the Formulation of Adhesives, product sampling wastes are expected to be released to water, incineration, or landfill; due to the lack of industry-specific data, this release is not estimated. It should be noted that EPA expects releases of the chemical from product sampling activities to be relatively low in comparison to the other sources of release in the adhesive formulation process. Additionally, EPA suggests that an estimated one percent loss rate in the annual production of solvent-based solution adhesives from off-spec product wastes disposed as solids should be assessed to water, incineration, or land. Per ESD, the default adhesive type is water-based; therefore, the present IRER does not present off-spec product releases (see ESD for additional details). ","Note that the ESD specifies inhalation exposures from the following activities: (1) Unloading Solid Adhesive Components and (2) Cleaning Empty Adhesive Component Containers. Since the exposure estimates are the same for all of the activities (OSHA PNOR PEL Limiting model for amounts > 54 kg/day and EPA/OPPT Small Volume Solids Handling Model for amounts < 54 kg/day), this scenario presents one exposure for all workers.",,,Note that the ESD specifies dermal exposures from the following activities: (1) Unloading Solid Adhesive Components; (2) Cleaning Empty Adhesive Component Containers; (3) Adhesive Product Sampling; (4) Equipment Cleaning; and (5) Packaging. This scenario presents the most conservative dermal exposures (2-Hand Dermal Contact) to solids and liquids. ,0,44,44," The ESD on the Formulation of Adhesives conservatively estimates exposure for up to 22 workers per site while performing adhesive formulation process activities; it can be conservatively estimated that all workers are exposed during each activity, up to a maximum of 250 exposure days per year.         ",1.0,\Help\Adhesive_Formulation_2009.pdf,97
2,Processing: Adhesives Formulation (volatile liquid),1.46000012e+06,"Solid or Liquid Components (100% PMN - default for unknown component)--> Unloading from Tank Cars, Totes, Drums, or Sacks --> Mixing (Room Temperature) --> Packaging or On-site Storage (PSA) --> Liquid Adhesive Product Sold or Used on-site  (liquid, 85% - default for unknown adhesive)(per ESD).",,,,,,,-1,1,0,0,0,0,0,"The April 2009 Emission Scenario Document (ESD) on the Formulation of Adhesives indicates if both releases and exposures are a concern, then the assessment should assess for both ""Large"" and ""Other"" formulators; EPA recommends that 49% PV be assessed at large sites and 51% PV be assessed at other sites. -- This method should be used if your assessment requires more accurate estimates (see ESD for additional details). The assessment in this IRER uses default values of 4,000 kg adhesive, 365 batches/site-yr; 100% PMN in the raw material; and 85% PMN in the final unknown adhesive product. // Note to user: if you encounter a Mass Balance Discrepancy for the number of sites, uncheck the ""Daily Mass Input of Raw Material Containing Chemical"" and check the ""Number of Sites"" option. Press the ""calculate remaining two parameters"" button to recalculate the daily use rate. ",,,,"IRER Note: The daily releases listed for any source below may coincide with daily releases from the other sources to the same medium. Per the ESD for the Formulation of Adhesives, product sampling wastes are expected to be released to water, incineration, or landfill; due to the lack of industry-specific data, this release is not estimated. It should be noted that EPA expects releases of the chemical from product sampling activities to be relatively low in comparison to the other sources of release in the adhesive formulation process. Additionally, EPA suggests that an estimated one percent loss rate in the annual production of solvent-based solution adhesives from off-spec product wastes disposed as solids should be assessed to water, incineration, or land. Per ESD, the default adhesive type is water-based; therefore, the present IRER does not present off-spec product releases (see ESD for additional details). ","Note that the ESD specifies inhalation exposures for all workers from the following activities: (1) Unloading Adhesive Components; (2) Cleaning Empty Adhesive Component Containers; (3) Vapors During Operation of Open Mixing Vessel; (4) Sampling; (5) Equipment Cleaning; and (6) Adhesive Product Packaging. Since the exposure estimates are the same for all activities (EPA/OPPT Mass Balance Model), this scenario presents one exposure for all workers. ",,,"Note that the ESD specifies dermal exposures from the following activities: (1) Unloading Adhesive Components; (2) Cleaning Empty Adhesive Component Containers; (3) Sampling; (4) Equipment Cleaning; and (5) Adhesive Product Packaging. Since the exposure estimates are the same for all of the activities except sampling (EPA/OPPT 2-Hand Dermal Contact with Liquid Model), this scenario presents one exposure for all workers. The EPA/OPPT 1-Hand Dermal Contact with Liquid Model is suggested for use to estimate dermal exposure from sampling; this scenario does not present this exposure as the EPA/OPPT 2-Hand Dermal Contact with Liquid Model is more conservative and would encompass dermal exposure from this activity. ",0,22,22," The ESD on the Formulation of Adhesives conservatively estimates exposure for up to 22 workers per site while performing adhesive formulation process activities; it can be conservatively estimated that all workers are exposed during each activity, up to a maximum of 250 exposure days per year.         ",1.0,\Help\Adhesive_Formulation_2009.pdf,98
2,"Processing: UVEB Curable Coatings, Inks, and Adhesives Formulation (non-volatile liquid)",1.00000000e+06,"Coating components (liquid, 100% - default if unknown) --> Preheating (optional) --> Unloading from Tank Cars, Totes, or Drums --> Mixing Kettle --> Filter --> Packaging --> UV/EB Coating Product Sold or Used on Site (liquid, 70% - default if unknown).",,,,,,,-1,1,0,0,0,0,0,"The January 2010 Emission Scenario Document (ESD) on the Formulation of Radiation Curable Coatings, Inks, and Adhesives provides default values of 250 operating days/yr; 520 kg radiation curable product/site-batch; 100% PMN in raw material; and 70% in final product (see ESD for additional details). // Note to user: if you encounter a Mass Balance Discrepancy for the number of sites, uncheck the ""Daily Mass Input of Raw Material Containing Chemical"" and check the ""Number of Sites"" option. Press the ""calculate remaining two parameters"" button to recalculate the daily use rate. ",,,,"IRER Note: The daily releases listed for any source below may coincide with daily releases from the other sources to the same medium. Per the ESD for the Formulation of Radiation Curable Coatings, Inks, and Adhesives, product sampling wastes are expected to be released to water, incineration, or landfill; due to the lack of industry-specific data, this release is not estimated. It should be noted that EPA expects releases of the chemical from product sampling activities to be relatively low in comparison to the other sources of release in the formulation process. Additionally, EPA indicates the potential for filter waste releases from the radiation curable formulation process, yet there is currently no standard EPA methodology for quantifying the amount of release (see ESD for additional details).","Per the ESD on the Formulation of Radiation Curable Coatings, Inks, and Adhesives, inhalation exposures are not expected during normal operating conditions for non-volatile chemicals (VP < 0.001 torr).",,,"Note that the ESD specifies dermal exposures from the following activities: (1) Unloading Liquid Radiation Curable Components; (2) Cleaning Empty Radiation Curable Component Containers; (3) Sampling; (4) Equipment Cleaning; (5) Filter Media Changeout; and (6) Radiation Curable Product Packaging. Since the exposure estimates are the same for all of the activities except sampling (EPA/OPPT 2-Hand Dermal Contact with Liquid Model), this scenario presents one exposure for all workers. The EPA/OPPT 1-Hand Dermal Contact with Liquid Model is suggested for use to estimate dermal exposure from sampling; this scenario does not present this exposure as the EPA/OPPT 2-Hand Dermal Contact with Liquid Model is more conservative and would encompass dermal exposure from this activity. ",0,312,312,"The ESD on the Formulation of Radiation Curable Coatings, Inks, and Adhesives conservatively estimates exposure for up to 39 workers per site. It can be conservatively estimated that all workers are exposed during each activity.        ",1.0,\Help\Formulatiion_of_UVEB_Coatings_2010.pdf,99
2,"Processing: UVEB Curable Coatings, Inks, and Adhesives Formulation (solid particulate)",1.00000000e+06,"Coating components (solid particulate 100% - default if unknown) --> Preheating (optional) --> Unloading from Tank Cars, Totes, Drums, or Sacks --> Mixing Kettle --> Filter --> Packaging --> UV/EB Coating Product Sold or Used on Site (liquid, 70% - default if unknown).",,,,,,,-1,1,0,0,0,0,0,"The January 2010 Emission Scenario Document (ESD) on the Formulation of Radiation Curable Coatings, Inks, and Adhesives provides default values of 250 operating days/yr; 520 kg radiation curable product/site-batch; 100% PMN in raw material; and 70% in final product (see ESD for additional details). // Note to user: if you encounter a Mass Balance Discrepancy for the number of sites, uncheck the ""Daily Mass Input of Raw Material Containing Chemical"" and check the ""Number of Sites"" option. Press the ""calculate remaining two parameters"" button to recalculate the daily use rate. ",,,,"IRER Note: The daily releases listed for any source below may coincide with daily releases from the other sources to the same medium. Per the ESD for the Formulation of Radiation Curable Coatings, Inks, and Adhesives, product sampling wastes are expected to be released to water, incineration, or landfill; due to the lack of industry-specific data, this release is not estimated. It should be noted that EPA expects releases of the chemical from product sampling activities to be relatively low in comparison to the other sources of release in the formulation process. Additionally, EPA indicates the potential for filter waste releases from the radiation curable formulation process, yet there is currently no standard EPA methodology for quantifying the amount of release (see ESD for additional details).","Note that the ESD specifies inhalation exposures from the following activities: (1) Unloading Solid Radiation Curable Components and (2) Cleaning Empty Adhesive Component Containers. Since the exposure estimates are the same for all of the activities (OSHA PNOR PEL Limiting model for amounts > 54 kg/day and EPA/OPPT Small Volume Solids Handling Model for amounts < 54 kg/day), this scenario presents one exposure for all workers.",,,"Note that the ESD specifies dermal exposures to solids from the following activities: (1) Unloading Solid Radiation Curable Components and (2) Cleaning Empty Radiation Curable Component Containers, and dermal exposures to liquids from Loading Liquid Product. This scenario presents one exposure each for liquid and solid for all workers.",0,624,312,"The ESD on the Formulation of Radiation Curable Coatings, Inks, and Adhesives conservatively estimates exposure for up to 39 workers per site. It can be conservatively estimated that all workers are exposed during each activity.          ",0.0,\Help\Formulatiion_of_UVEB_Coatings_2010.pdf,100
2,"Processing: UVEB Curable Coatings, Inks, and Adhesives Formulation (volatile liquid)",1.00000000e+06,"Coating components (liquid, 100% - default if unknown) --> Preheating (optional) --> Unloading from Tank Cars, Totes, or Drums --> Mixing Kettle --> Filter --> Packaging --> UV/EB Coating Product Sold or Used on Site (liquid, 70% - default if unknown).",,,,,,,-1,1,0,0,0,0,0,"The January 2010 Emission Scenario Document (ESD) on the Formulation of Radiation Curable Coatings, Inks, and Adhesives provides default values of 250 operating days/yr; 520 kg radiation curable product/site-batch; 100% PMN in raw material; and 70% in final product (see ESD for additional details). // Note to user: if you encounter a Mass Balance Discrepancy for the number of sites, uncheck the ""Daily Mass Input of Raw Material Containing Chemical"" and check the ""Number of Sites"" option. Press the ""calculate remaining two parameters"" button to recalculate the daily use rate. ",,,,"IRER Note: The daily releases listed for any source below may coincide with daily releases from the other sources to the same medium. Per the ESD for the Formulation of Radiation Curable Coatings, Inks, and Adhesives, product sampling wastes are expected to be released to water, incineration, or landfill; due to the lack of industry-specific data, this release is not estimated. It should be noted that EPA expects releases of the chemical from product sampling activities to be relatively low in comparison to the other sources of release in the formulation process. Additionally, EPA indicates the potential for filter waste releases from the radiation curable formulation process, yet there is currently no standard EPA methodology for quantifying the amount of release (see ESD for additional details).","Note that the ESD specifies inhalation exposures for all workers from the following activities: (1) Unloading Radiation Curable Components; (2) Cleaning Empty Radiation Curable Component Containers; (3) Sampling; (4) Equipment Cleaning; (5) Filter Media Change out; and (6) Radiation Curable Product Packaging. Since the exposure estimates are the same for all activities (EPA/OPPT Mass Balance Model), this scenario presents one exposure for all workers. ",,,"Note that the ESD specifies dermal exposures from the following activities: (1) Unloading Liquid Radiation Curable Components; (2) Cleaning Empty Radiation Curable Component Containers; (3) Sampling; (4) Equipment Cleaning; (5) Filter Media Changeout; and (6) Radiation Curable Product Packaging. Since the exposure estimates are the same for all of the activities except sampling (EPA/OPPT 2-Hand Dermal Contact with Liquid Model), this scenario presents one exposure for all workers. The EPA/OPPT 1-Hand Dermal Contact with Liquid Model is suggested for use to estimate dermal exposure from sampling; this scenario does not present this exposure as the EPA/OPPT 2-Hand Dermal Contact with Liquid Model is more conservative and would encompass dermal exposure from this activity. ",0,312,312,"The ESD on the Formulation of Radiation Curable Coatings, Inks, and Adhesives conservatively estimates exposure for up to 39 workers per site. It can be conservatively estimated that all workers are exposed during each activity.       ",0.0,\Help\Formulatiion_of_UVEB_Coatings_2010.pdf,101
2,Processing: Waterborne Coatings Formulation (non-volatile liquid),5.00000000e+06,"Unloading coating component (liquid, 100%) --> Pre-mixer (Pigment Disperson) --> Grinder (Pigment Dispersion) --> Blending Tank --> Filter --> Packaging (liquid, 35%) (per GS). ",,,,,,,-1,1,1,0,0,5,0,"The June 2014 Generic Scenario for the Formulation of Waterborne Coatings presents the following default assumptions: 100% PMN formulated down to 35% (for liquid PMN), 5,030 kg coating/batch, 537 batches/site-yr (for unknown coating, both occupational exposures and environmental releases a concern) (see GS for additional details). Additionally, the GS indicates that if the number of operating days is unknown, a maximum of 250 days should be assumed. // Note to user: if you encounter a Mass Balance Discrepancy for the number of sites, uncheck the ""Daily Mass Input of Raw Material Containing Chemical"" and check the ""Number of Sites"" option. Press the ""calculate remaining two parameters"" button to recalculate the daily use rate.",,,,IRER Note: The daily releases listed for any source below may coincide with daily releases from the other sources to the same medium. ,negligible (VP < 0.001 torr) ,,,"Dermal exposures are expected during unloading, container cleaning, equipment cleaning, filter media change-out, sampling, and coating processes. The most conservative exposure estimate is presented as representative for all workers. ",0,190,190,The GS estimates a default of 38 workers potentially exposed during formulation of waterborne coatings (assuming both environmental releases and occupational exposures are a concern).      ,0.0,\Help\WaterborneCoatings_2014.pdf,102
2,Processing: Waterborne Coatings Formulation (solid particulate),5.00000000e+06,"Unloading coating component (liquid, 100%) --> Pre-mixer (Pigment Disperson) --> Grinder (Pigment Dispersion) --> Blending Tank --> Filter --> Packaging (liquid, 35%) (per GS). ",,,,,,,-1,1,1,0,0,0,0,"The June 2014 Generic Scenario for the Formulation of Waterborne Coatings presents the following default assumptions: 100% PMN formulated down to 45% (for solid PMN), 5,030 kg coating/batch, 537 batches/site-yr (for unknown coating, both occupational exposures and environmental releases a concern) (see GS for additional details). Additionally, the GS indicates that if the number of operating days is unknown, a maximum of 250 days should be assumed. // Note to user: if you encounter a Mass Balance Discrepancy for the number of sites, uncheck the ""Daily Mass Input of Raw Material Containing Chemical"" and check the ""Number of Sites"" option. Press the ""calculate remaining two parameters"" button to recalculate the daily use rate.",,,,IRER Note: The daily releases listed for any source below may coincide with daily releases from the other sources to the same medium. ,,,,"Dermal exposures to liquid or solid are expected during unloading, container cleaning, equipment cleaning, filter media change-out, and sampling processes. The most conservative exposure estimates for solid and liquid are presented as representative for all workers. ",0,304,152,The GS estimates a default of 38 workers potentially exposed during formulation of waterborne coatings (assuming both environmental releases and occupational exposures are a concern).          ,0.0,\Help\WaterborneCoatings_2014.pdf,103
2,Processing: Waterborne Coatings Formulation (volatile liquid),5.00000000e+06,"Unloading coating component (liquid, 100%) --> Pre-mixer (Pigment Disperson) --> Grinder (Pigment Dispersion) --> Blending Tank --> Filter --> Packaging (liquid, 35%) (per GS). ",,,,,,,-1,1,1,0,0,5,0,"The June 2014 Generic Scenario for the Formulation of Waterborne Coatings presents the following default assumptions: 100% PMN formulated down to 35% (for liquid PMN), 5,030 kg coating/batch, 537 batches/site-yr (for unknown coating, both occupational exposures and environmental releases a concern) (see GS for additional details). Additionally, the GS indicates that if the number of operating days is unknown, a maximum of 250 days should be assumed. // Note to user: if you encounter a Mass Balance Discrepancy for the number of sites, uncheck the ""Daily Mass Input of Raw Material Containing Chemical"" and check the ""Number of Sites"" option. Press the ""calculate remaining two parameters"" button to recalculate the daily use rate.",,,,IRER Note: The daily releases listed for any source below may coincide with daily releases from the other sources to the same medium. ,,,,"Dermal exposures are expected during unloading, container cleaning, equipment cleaning, filter media change-out, and sampling processes. The most conservative exposure estimate is presented as representative for all workers. ",0,190,190,The GS estimates a default of 38 workers potentially exposed during formulation of waterborne coatings (assuming both environmental releases and occupational exposures are a concern).        ,0.0,\Help\WaterborneCoatings_2014.pdf,104
2,Processing: Plastics Compounding (non-volatile liquid),1.00000000e+08,"Unloading LVE (liquid, 100%) into blender with other plastic components --> Blending/Compounding --> Shaping into pellets --> Packaging (solid, 5%) (per GS)",,,,,,,-1,1,1,0,0,0,0,"The 2004 Plastics Compounding GS calculates a daily use rate for unknown plastic = (35,012 million kg plastic/yr) / (715 sites)/(250 days/yr) = 195,871 kg plastic/site-day. The GS does not estimate a default fraction of additive in the plastic resin, therefore this operation assumes a weight fraction of 5% in the final resin. // Note to user: if you encounter a Mass Balance Discrepancy for the number of sites, uncheck the ""Daily Mass Input of Raw Material Containing Chemical"" and check the ""Number of Sites"" option. Press the ""calculate remaining two parameters"" button to recalculate the daily use rate.",,,,IRER Note: The daily releases listed for any source below may coincide with daily releases from the other sources to the same medium. ,negligible (VP < 0.001 torr) ,,,,0,984,984,The Plastics Compounding GS estimates 24 workers/site potentially exposed.            ,0.0,\Help\PlasticsCompounding_2004.pdf,105
2,Processing: Plastics Compounding (solid particulate),1.00000000e+08,"Unloading LVE (solid, 100%) into blender with other plastic components --> Blending/Compounding --> Shaping into pellets --> Packaging (solid, 5%) (per GS)",,,,,,,-1,1,1,0,0,0,0,"The 2004 Plastics Compounding GS calculates a daily use rate for unknown plastic = (35,012 million kg plastic/yr) / (715 sites)/(250 days/yr) = 195,871 kg plastic/site-day. The GS does not estimate a default fraction of additive in the plastic resin, therefore this operation assumes a weight fraction of 5% in the final resin. // Note to user: if you encounter a Mass Balance Discrepancy for the number of sites, uncheck the ""Daily Mass Input of Raw Material Containing Chemical"" and check the ""Number of Sites"" option. Press the ""calculate remaining two parameters"" button to recalculate the daily use rate.",,,,IRER Note: The daily releases listed for any source below may coincide with daily releases from the other sources to the same medium. ,,,,,0,1968,1968,The Plastics Compounding GS estimates 24 workers/site potentially exposed.           ,0.0,\Help\PlasticsCompounding_2004.pdf,106
3,Use: Plastics Converting (solid),1.00000000e+07,"Pellets, sheets, pipes, or films of plastic resin (solid, 5%) --> unloaded into converting equipment --> Heating --> Injection molding --> Trimming --> Finishing --> Plastic Article (LVE entrained in article) (per GS). ",,,,,,,0,1,0,0,0,0,0," Per the GS, the daily use rate for an unknown plastic = (38,738 million kg plastic/yr) / (12,191 sites)/(250 days/yr) = 12,710 kg plastic/site-day. The 2004 Plastics Converting GS does not provide a default fraction of plastic additive. This operation assumes a weight fraction of 5%. // Note to user: if you encounter a Mass Balance Discrepancy for the number of sites, uncheck the ""Daily Mass Input of Raw Material Containing Chemical"" and check the ""Number of Sites"" option. Press the ""calculate remaining two parameters"" button to recalculate the daily use rate.",,,,IRER Note: The daily releases listed for any source below may coincide with daily releases from the other sources to the same medium. ,,,,Non-Quantifiable (Some surface contact may occur if manually transferred) - in cast solids (such as molded plastics) or in matrices such as extruded pellets (consistent with GS).,0,3024,3024,The GS estimtes 48 workers/site potentially exposed.          ,0.0,\Help\PlasticsConverting_2004.pdf,107
3,Use: Adhesives (non-volatile liquid),1.00000000e+05,"Adhesive received in totes and drums (liquid, 61% - ESD Default) --> Dilute and Mix (optional) --> Load into application equipment --> Automated or manual spray application (some sprayed coating does not remain on the surfaces - it passes into the booth ventilation system and is either captured in exhaust controls or is exhausted into the air through the stack) -> Dryer or other curing method (assessed chemical is destroyed or fixed to the coated surface) (per ESD)",,,,,,,-1,1,0,0,0,0,0,"The January 2014 Emission Scenario Document (ESD) on the Industrial Use of Adhesives for Substrate Bonding provides default values of 260 days/yr; average daily use rate of 51.9 kg adhesive product/site-day; and 61% chemical of interest in the adhesive product (see ESD for additional details). // Note to user: if you encounter a Mass Balance Discrepancy for the number of sites, uncheck the ""Daily Mass Input of Raw Material Containing Chemical"" and check the ""Number of Sites"" option. Press the ""Calculate remaining two parameters"" button to recalculate the daily use rate.",,,,"IRER Note: The daily releases listed for any source below may coincide with daily releases from the other sources to the same medium. Per ESD on Industrial Use of Adhesive for Substrate Bonding, trimming wastes represent a potential release point for an adhesive that is not cured or dried. The present IRER does not assess trimming wastes as the default scenario assumes the chemical is cured/dried after spray coating application. If however, the PMN was not cured/dried, the most likely media of release would be incineration or landfill (see ESD for additional details).","Per ESD on Industrial Use of Adhesives for Substrate Bonding, inhalation exposures are not expected during normal operating conditions for non-volatile chemicals (VP < 0.001 torr), but are expected from the spray application of the adhesive product (see ESD for additional details).",,,"Note that the ESD specifies dermal exposures from the following activities: (1) Cleaning/Handling Empty Adhesive Containers; (2) Unloading and Transferring of Adhesive Formulation; (3) Equipment Cleaning; and (4) Adhesive Application. Since the exposure estimates are the same for the first three activities (EPA/OPPT 2-Hand Dermal Contact with Liquid Model), this scenario presents one exposure for all workers. The exposure estimates for the latter activity (EPA/OPPT 2-Hand Dermal Immersion in Liquid Model), is presented separately and assessed for all workers; it is assumed that all workers conduct all activities.",0,2160,2160,"The ESD on Industrial Use of Adhesives for Substrate Bonding conservatively estimates exposure for up to 90 workers based on the Motor and Non-Motor Vehicle, Vehicle Parts, and Tire Manufacturing (Except Retreading) industry (default for unknown adhesive). Exposures are assessed up to a maximum of 250 days per year per worker.           ",1.0,\Help\UseOfAdhesives_2014.pdf,108
3,Use: Adhesives (volatile liquid),1.00000000e+05,"Adhesive received in totes and drums (liquid, 61% - ESD Default) --> Dilute and Mix (optional) --> Load into application equipment --> Automated or manual spray application (some sprayed coating does not remain on the surfaces - it passes into the booth ventilation system and is either captured in exhaust controls or is exhausted into the air through the stack) -> Dryer or other curing method (assessed chemical is destroyed or fixed to the coated surface) (per ESD)",,,,,,,-1,1,0,0,0,0,0,"The January 2014 Emission Scenario Document (ESD) on the Industrial Use of Adhesives for Substrate Bonding provides default values of 260 days/yr; average daily use rate of 51.9 kg adhesive product/site-day; and 61% chemical of interest in the adhesive product (see ESD for additional details). // Note to user: if you encounter a Mass Balance Discrepancy for the number of sites, uncheck the ""Daily Mass Input of Raw Material Containing Chemical"" and check the ""Number of Sites"" option. Press the ""Calculate remaining two parameters"" button to recalculate the daily use rate.",,,,"IRER Note: The daily releases listed for any source below may coincide with daily releases from the other sources to the same medium. Per ESD on Industrial Use of Adhesive for Substrate Bonding, trimming wastes represent a potential release point for an adhesive that is not cured or dried. The present IRER does not assess trimming wastes as the default scenario assumes the chemical is cured/dried after spray coating application. If however, the PMN was not cured/dried, the most likely media of release would be incineration or landfill (see ESD for additional details).","Note that the ESD specifies inhalation exposures for up to 90 workers from the following activities: (1) Cleaning/Handling Empty Adhesive Containers; (2) Unloading and Transferring of Adhesive Formulation; (3) Equipment Cleaning; and (4) Adhesive Application. Since the exposure estimates are the same for the first three activities (EPA/OPPT Mass Balance Model), this scenario presents one exposure for all workers.  The exposure estimates for the latter activity (EPA/OPPT Automobile OEM Spray Coating Model), is also presented and assessed for all workers; it is assumed that all workers conduct all activities. /// Note: Inhalation exposures to chemical vapors during the latter activity presents a data gap; the PMN is a volatile liquid where the airborne concentration of the chemical of interest is unknown (see ESD for additional details).",,,"Note that the ESD specifies dermal exposures from the following activities: (1) Cleaning/Handling Empty Adhesive Containers; (2) Unloading and Transferring of Adhesive Formulation; (3) Equipment Cleaning; and (4) Adhesive Application. Since the exposure estimates are the same for the first three activities (EPA/OPPT 2-Hand Dermal Contact with Liquid Model), this scenario presents one exposure for all workers. The exposure estimates for the latter activity (EPA/OPPT 2-Hand Dermal Immersion in Liquid Model), is presented separately and assessed for all workers; it is assumed that all workers conduct all activities.",0,2160,2160,"The ESD on Industrial Use of Adhesives for Substrate Bonding conservatively estimates exposure for up to 90 workers based on the Motor and Non-Motor Vehicle, Vehicle Parts, and Tire Manufacturing (Except Retreading) industry (default for unknown adhesive). Exposures are assessed up to a maximum of 250 days per year per worker.       ",0.0,\Help\UseOfAdhesives_2014.pdf,109
2,Use: Metalworking Fluid (non-volatile liquid),9.87000000e+02,"Neat metalworking fluid (MWF) (liquid, 35% - default, unknown fluid type) is unloaded from containers and transferred to the metal shaping machine trough with other metalworking fluids and/or water (liquid, 3.5% - default, unknown fluid type) --> Fluids are used in the metal shaping machine and recycled back to the trough (spent fluids are disposed) --> Fluids remaining on metal parts are rinsed and dried (per ESD).
",,,,,,,-1,1,0,0,0,0,0,"The July 2011 Emission Scenario Document (ESD) on the Use of Metalworking Fluids (MWF) provides default values of 247 operating days/yr; 35% PMN in raw material; 3.5% PMN in the trough; and MWF use rate of 11.42 kg/site-day for an unknown MWF chemical (unknown function and not specified whether water-based or straight oil), where both occupational exposures or environmental releases are a concern (see ESD for additional details). // Note to user: if you encounter a Mass Balance Discrepancy for the number of sites, uncheck the ""Daily Mass Input of Raw Material Containing Chemical"" and check the ""Number of Sites"" option. Press the ""calculate remaining two parameters"" button to recalculate the daily use rate. ",,,,IRER Note: The daily releases listed for any source below may coincide with daily releases from the other sources to the same medium. ,,,,"Note that the ESD specifies dermal exposures from various activities (see ESD for additional information). As a conservative estimate, workers were assumed to be exposed during the activity with the highest concentration of PMN (transport container unloading).  ",0,48,48,"The ESD on the Use of Metalworking Fluids estimates a default of 48 workers per site may potentially be exposed to the chemical of interest. Some facilities may also have assembly workers and on-site waste treatment operators, although they would not typically be exposed to metalworking fluids. Large shops may have many more exposed employees.     ",1.0,\Help\MW_Fluids_2011.pdf,110
3,Use: Photoresist in Semiconductor Manufacturing (non-volatile liquid),1.00000000e+04,"Attach bottle containing photoresist (liquid, 40% chemical of interest - ESD default) to dispensing system  --> Photoresist is applied to to wafer coating (spin coating) --> Soft Bake --> Pre-Exposure (image is applied via radiation) --> Post-bake --> Developing (to dissolve unwanted portion of photoresist) --> Wafer Etching --> Stripping of remaining photoresist from wafer (per ESD on Photoresist Use in Semiconductor Manufacturing)",,,,,,,-1,0,0,0,0,0,0,"The January 2010 Emission Scenario Document (ESD) on Photoresist Use in Semiconductor Manufacturing provides default values of 360 days/yr; average daily use rate of 36 kg photoresist dispensed/site-day; and 0.4 kg chemical/kg photoresist (see ESD for additional details). // Note to user: if you encounter a Mass Balance Discrepancy for the number of sites, uncheck the ""Daily Mass Input of Raw Material Containing Chemical"" and check the ""Number of Sites"" option. Press the ""calculate remaining two parameters"" button to recalculate the daily use rate.  ",,,,IRER Note: The daily releases listed for any source below may coincide with daily releases from the other sources to the same medium. ,Inhalation exposure is expected to be negligible for nonvolatile chemicals (VP < 0.001 torr) within liquid photoresist use during semiconductor manufacturing.,,,"Note that the GS specifies dermal exposures for up to 18 equipment management/waste management technicians from four different activities: (1) Cleaning/Handling Empty Photoresist Containers; (2) Routine Equipment Cleaning/Maintenance; (3) Change-out of Excess (Spun-off) Photoresist Collection Containers; and (4) Change-out of Waste Solvent Collection Containers. Because the exposure estimates are the same for each activity (EPA/OPPT 2-Hand Dermal Contact with Liqud Model), this scenario presents one exposure estimate for all 18 technicians. ",0,132,132,The ESD on Photoresist Use in Semiconductor Manufacturing estimates exposure of up to 48 equipment operators (EPA/OPPT 1-Hand Dermal Contact with Liquid Model) and 18 equipment maintenance/waste management technicians (EPA/OPPT 2-Hand Dermal Contact with Liquid Model) per site (66 workers/site). Exposures are assessed for up to 250 exposure days per worker.  ,1.0,\Help\Photoresist_Use_2010.pdf,111
2,Use: Textile Dyes (non-volatile liquid),1.00000000e+06,"Textile dye weighing (liquid, 25%) --> Fiber, Yarn, or Fabric dyeing via Batch or Continuous Process --> Disposal of Spent Dyebath (per ESD). ",,,,,,,-1,1,0,0,0,0,0,"The October 2014 Emission Scenario Document (ESD) on the Use of Textile Dyes provides default values of 148 operating days/yr; 273 kg dye/st-bt; and 25% PMN in the textile dye, for a liquid dye. The final dye concentration in dyebath is estimated to be 6% (high end)(see ESD for additional details). // Note to user: if you encounter a Mass Balance Discrepancy for the number of sites, uncheck the ""Daily Mass Input of Raw Material Containing Chemical"" and check the ""Number of Sites"" option. Press the ""calculate remaining two parameters"" button to recalculate the daily use rate. ",,,,IRER Note: The daily releases listed for any source below may coincide with daily releases from the other sources to the same medium. ,negligible (VP < 0.001 torr) ,,,,0,594,594,"The ESD on the Use of Textile Dyes conservatively estimates exposure for between 1 and 6 workers per site during dye weighing, container cleaning, and dyeing; it can be conservatively estimated that all workers are exposed during each activity.         ",0.0,\Help\TextilesDyes_2014.pdf,112
2,Use: Textile Dyes (solid particulates),1.00000000e+06,"Textile dye weighing (solid, 75%) --> Fiber, Yarn, or Fabric dyeing via Batch or Continuous Process --> Disposal of Spent Dyebath (per ESD). ",,,,,,,-1,1,0,0,0,0,0,"The October 2014 Emission Scenario Document (ESD) on the Use of Textile Dyes provides default values of 148 operating days/yr; 136.5 kg dye/st-bt; and 75% PMN in the textile dye, for a solid powder dye. The final dye concentration in dyebath is estimated to be 6% (high end)(see ESD for additional details). // Note to user: if you encounter a Mass Balance Discrepancy for the number of sites, uncheck the ""Daily Mass Input of Raw Material Containing Chemical"" and check the ""Number of Sites"" option. Press the ""calculate remaining two parameters"" button to recalculate the daily use rate. ",,,,IRER Note: The daily releases listed for any source below may coincide with daily releases from the other sources to the same medium. ,,,,,0,792,792,"The ESD on the Use of Textile Dyes conservatively estimates exposure for between 1 and 6 workers per site during dye weighing, container cleaning, and dyeing; it can be conservatively estimated that all workers are exposed during each activity.       ",0.0,\Help\TextilesDyes_2014.pdf,113
3,Use: Automotive Refinishing Spray Coating (non-volatile liquid),0.00000000e+00,"Unload coating product containing the assessed chemical from shipping container (liquid, 25% PMN) -> Mix and/or store (optional) -> Transfer to spray gun feed system (liquid, 25%) -> Apply coating to automobile surfaces (some sprayed coating does not remain on the surfaces - it passes into the booth ventilation system and is either captured in exhaust controls or is exhausted into the air through the stack) -> Bake/cure coating at high temperatures (assessed chemical is destroyed or fixed to the coated surface) (per ESD).",,,,,,,-1,1,0,0,0,0,0,"The June 2010 Emission Scenario Document (ESD) on Coating Application via Spray Painting in the Automobile Refinishing Industry provides default values of 250 operating days/year; 1.58 kg coating containing chemical of interest/site-day; and 25% PMN in coating product (see ESD for additional details). // Note to user: if you encounter a Mass Balance Discrepancy for the number of sites, uncheck the ""Daily Mass Input of Raw Material Containing Chemical"" and check the ""Number of Sites"" option. Press the ""calculate remaining two parameters"" button to recalculate the daily use rate. ",,,,"IRER Note: The daily releases listed for any source below may coincide with daily releases from the other sources to the same medium. Per the ESD on Coating Application via Spray Painting in the Automotive Refinishing Industry, EPA assumes a solvent-based coating unless the chemical use information specifically states that it is to be used in a waterborne coating formulation.",Note that the ESD specifies inhalation exposures for all workers from oversprayed coating mists. ,,,"Note that the ESD specifies dermal exposures from the following activities: (1) Unloading Liquid Coating Products; (2) Cleaning Empty Coating Product Containers; (3) Transfer of Coating from Mixing Cup to Spray Gun; (4) Equipment Cleaning; and (5) Overspray during Application. Dermal exposure from the first two activities is estimated using the EPA/OPPT 2-Hand Dermal Contact with Liquid Model. Activities (3) through (5) estimate dermal exposure using the Automotive Refinishing Coating Equipment Cleaning Dermal Model. The EPA/OPPT 2-Hand Dermal Contact with Liquid Model is more conservative; therefore, this scenario only presents one exposure for all workers.",0,11,11,The ESD on Coating Application via Spray Painting in the Automotive Refinishing Industry conservatively estimates 8 workers per site exposed during application process activities; it can also be conservatively estimated that all workers are exposed during each activity.      ,0.0,\Help\Auto_Refinishing_2010.pdf,114
